,sarcasm_label,emotion_label,sentiment_label,id,sentence_level_similarity_emotion,sentence_level_similarity_word,exclamation,AUDIO_1,AUDIO_2,AUDIO_3,AUDIO_4,AUDIO_5,AUDIO_6,AUDIO_7,AUDIO_8
6,0,anger,0,7,0.4180894854585909,0.9255489442650184,0,-1.2461339777063623,-0.4686903641484245,0.3917945938399369,-0.95480578477888,1.1736256507512592,-0.2694409424872392,0.8987825772014154,-1.469514623065831
9,0,anger,0,10,0.8715966846386407,0.7489828891525295,0,-2.046230718900499,1.1050217276582124,-1.3934958939134303,0.3077101564187629,-0.2873972223827649,-1.1580234895405825,0.5135240935613354,-0.3289367385670268
10,0,anger,0,11,0.5052446180897461,0.96703208634848,0,-1.2285319176418084,0.09229927696456192,0.6588021826850583,0.5065793974343646,-0.17934708077526879,-1.221849487385814,-0.2134238233983181,-0.6238041123562883
15,0,anger,0,16,0.4937045167274325,0.8775377187909037,1,-0.9277936574394083,-0.96962203264799,-1.8298351098530483,1.2321579117017,0.35736288992061493,0.6893760245057383,1.2380098494750869,0.24224954023595166
16,0,anger,0,17,0.0,0.0,0,1.9578721018163308,1.553208390248754,-0.7026542525395397,0.17728925306811855,-0.37266758964813523,-0.842364723207936,-0.6573173893396049,-0.38763573081300273
18,0,anger,0,19,0.970339429395408,0.871335154358614,0,-1.9572379851698316,0.10025044392721,-0.5422584148469665,1.1212810965780677,-1.0490575850193953,-0.7051214327457295,-0.5209999118099624,-0.6173142475743407
19,0,anger,0,20,-0.7960560432636005,0.8800588898373923,0,-0.9745382404414521,0.21953575981325957,-0.29865817834278,0.7038109115217099,1.0155826912090493,2.172991507660541,-0.9744628447672263,1.043229957585595
24,0,anger,0,25,-0.92956486875455,0.951491563262075,0,-0.25370672818988066,-1.939075389292142,1.0871286534598483,0.5215509928567026,1.4245468652917879,-0.05721882283887572,-0.11662823785337662,-0.625253276931948
25,0,anger,0,26,-0.2102861486729192,0.7475890993412792,1,-1.01516849375431,-2.5295801506719124,1.3013964044388648,-0.5980637121624528,-0.39880595895766735,0.675081494906475,-0.009600831473038751,0.7522510388972361
30,0,anger,0,31,0.0,0.0,1,0.9251067555250896,1.159549672779124,-1.5093014700314251,-0.12370927558081202,1.4231885608233297,-1.3084004466224382,-0.052766032765878546,0.35200155379332465
33,0,anger,0,34,0.0,0.0,0,-1.5351679064363772,1.3354292168786497,-0.3536888985265788,1.7035197874108678,-0.08511767460634007,-0.8900986641164653,0.9860783947687324,-0.19580099705839835
38,0,anger,0,39,0.5811354281072467,0.5865626387317798,0,-3.143015027147315,1.4096678404494791,-0.9575795673062577,1.193688876211479,0.6455467393402216,-0.5614201794485218,0.8870562066126109,0.01451869432605624
45,0,anger,0,46,0.0,0.0,1,-1.062095067558566,1.5629446723514224,0.3576906349906821,0.846249366546348,0.25747856445782824,-0.17075510285180312,0.2808617392363688,0.7284386963372195
46,0,anger,0,47,0.0,0.0,0,0.23349856168583089,-2.403073079318199,1.3059151881404816,-2.4135526438638744,0.4230717769922516,-0.5520612538863132,0.4213505988552124,-0.9387284084879577
55,0,anger,0,56,0.0,0.0,0,-1.7158866287331302,-0.2750513979963577,-1.4702589906119414,1.0583377891631716,0.34321761872205186,-0.1550478963723211,0.10522089093400139,0.14419038032181966
60,0,anger,0,61,-0.7833716494915057,0.9459077395116914,0,0.6908326760681648,-2.72565177083327,-0.44681489440192995,-0.08039411680674052,1.3943599655099734,-0.4422329788264314,0.40711354285647455,-0.26879084630893574
66,0,disgust,0,67,0.0,0.0,0,2.3519849429242834,1.5922800859512718,-2.3395748026283285,-0.338283604758129,0.10842508606907142,0.2244537672461076,0.9562320635524973,0.3002678790001492
67,0,disgust,0,68,0.0,0.0,0,4.391546774998898,-0.1384388977775378,0.666789413407825,0.29556243759408507,-0.6753528896355951,0.0004698131613038413,-0.4314434742407022,0.036114855913702226
68,0,disgust,0,69,0.0,0.0,0,2.0518799403775136,0.7013778011023416,0.478016864607814,-0.7734670517083018,1.812332543819885,-1.6137792950656815,0.6076369872450582,-0.0781870964966375
73,0,disgust,0,74,0.0,0.0,0,1.3342966286557496,1.2681758372677363,0.6947865015980451,1.3902789809275002,0.136677008720376,-0.8035633709701976,0.5760990950736933,0.5150194234550012
75,0,disgust,0,76,0.0,0.0,0,3.425648066629877,-0.2805763735989016,1.033685686854171,0.04349180249881679,0.20864445839855336,-1.031473828193819,-0.2332885110923312,-0.058071874516811756
77,0,disgust,0,78,0.0,0.0,0,0.7916236269153564,1.7961719175064284,0.9526227413184218,2.103458660962276,-0.5501332109696924,-0.043455214383532476,-0.4476040878428734,1.4252489898917224
82,0,disgust,0,83,0.0,0.0,0,0.654227729597084,1.476523336026001,1.7601514243626717,1.3708333965856114,0.8232966554904082,1.046269503387429,0.04238659776279041,1.8865916254462476
84,0,disgust,0,85,0.0,0.0,0,1.932497472866454,0.48782745777306513,0.6435487158862531,0.6656175696755104,0.3503624593615773,0.16967429237962825,0.6652974480786557,0.8662055982690438
86,0,disgust,0,87,0.0,0.0,0,-0.08305970046830133,-0.2883783144015477,0.360969097903925,-0.5057461257944773,-1.2712830478852737,0.1154155978492887,-1.1886328848244232,-0.3791252407776638
90,0,disgust,0,91,0.0,0.0,0,4.509283332582397,-0.6235880375538582,0.7462072805650343,-0.05149586790759514,-1.0249374761656527,-0.04712424155519905,0.7844736198216862,0.2909179503765035
92,0,disgust,0,93,0.0,0.0,0,3.008766570015037,-0.1746227336328522,-0.536164537379393,0.9424118018421684,-0.15905716845465168,-0.2743042292783765,0.8391905153527767,0.7132345904028492
97,0,disgust,0,98,-0.9738661307210756,0.8668254388518762,1,-2.1850599852777433,-1.1337224987868983,0.3041077728351375,0.040983182562165654,0.16954860881187966,-0.010052408081470357,-0.45393091747676473,-0.11074765684478162
101,0,disgust,0,102,0.9820423199121068,0.9377431463027488,0,0.17532216214696836,-0.23848087355739378,-0.2506911380044893,0.3402425000780972,-0.9966937639161867,-0.2862367131946557,0.2670888968772577,-0.5884959371080495
104,0,disgust,0,105,0.0,0.0,0,4.517120266186924,-2.198105018849985,0.3881068711016946,0.13268817940118804,-0.3300172920032418,0.030474539043627208,-0.06709321631842802,0.6104145339373436
108,0,disgust,0,109,0.0,0.0,0,2.3075897712410485,0.999113264071989,1.2519193691966726,0.6880587433232319,0.664879618204287,0.1311069157966224,0.5112503138464441,1.282257831214855
109,0,disgust,0,110,0.0,0.0,1,3.089618045559802,0.4519289935309282,0.7806513507912957,0.36609724300974034,-0.49637021104154944,0.05817728660986848,-0.22840961478818414,0.34080053871738775
111,0,disgust,0,112,0.0,0.0,0,3.6660704638293238,0.42079056128658004,-0.44649489969204836,0.3389338354767385,-0.19142116181529895,-0.2557662413422456,0.2856140215581999,0.5744059561036253
115,0,disgust,0,116,0.0,0.0,0,3.3221961621913025,-0.3706224136817572,1.1163295338776715,-0.1848821384672133,0.9518642108257771,-0.6175995191412262,0.681823100393036,-0.306358621134674
119,0,fear,0,120,-0.8274711484873278,0.8596524335262045,1,0.6109878519008676,-0.24278456007328994,-0.8293290969522468,-0.6149744224998765,1.1033108497864317,-0.12496705618557465,0.3804517331859131,-0.5224373912766447
125,0,fear,0,126,0.0,0.0,1,0.21421520396681953,1.1016325531805546,2.427161681060848,2.423706076361581,0.0030177538499683854,0.287815039561376,1.0752900149059659,0.7686496223095175
132,0,fear,0,133,0.0,0.0,1,0.2989942426797062,0.3842161785329022,1.7768709191821446,1.62269969634856,0.6449576277611748,-0.3842439350413081,0.16939943098946036,0.8967318057340679
136,0,fear,0,137,0.9595812626365454,0.9122556391656598,0,-0.46394504753371557,1.7743595472268765,-2.4542135628566824,2.1190067629544864,0.43841263015420073,-0.6803046489230462,2.3274418425917074,1.3126209502892683
137,0,fear,0,138,0.0,0.0,1,1.5306789130857976,-0.04608552421349099,2.241965380836941,1.2276104256244875,0.22561890888445935,-0.264765362862925,0.4522898302958398,-0.16127616074226386
142,0,fear,0,143,0.0,0.0,0,-1.7480732991255503,-3.9365529027208854,0.26758454262730436,1.672976885844534,1.3766565704972344,-0.1128330720457254,-0.06643102838810633,0.24297243945336683
147,0,fear,0,148,0.0,0.0,0,4.256931557234775,2.1293811266815847,-1.8749633286934662,-2.0919741009542827,-0.6682599616205713,-0.840820304730429,-0.4074250596868825,-0.6359221259155994
148,0,fear,0,149,0.0,0.0,0,1.4888293178917535,-0.9174791148718481,1.4895554326587161,1.2665114431776157,0.30585054395377564,-0.8224966956052759,0.34466625860114813,-0.34561030733299786
152,0,fear,0,153,0.0,0.0,0,5.014240686042317,-0.873988409346317,-0.9084144961397886,-0.7696221371485789,-0.9178672950024476,-0.48195404983053713,-0.37227736927223887,-0.49739617367937533
159,0,fear,0,160,0.0,0.0,1,1.4881272327039181,-0.17256312076168182,2.3259795122227853,0.9891827161619481,0.6202125573064495,0.4151449042773611,0.02280924688805548,-0.28407888096444694
164,0,fear,0,165,-0.802257814470849,0.7277197781453421,1,0.6990381687350706,-2.3154874352139387,1.1387671084713076,-0.48405774913714006,-1.9417318103494656,0.21051259083793655,-0.2690131087293537,-0.7370239944556684
167,0,fear,0,168,0.0,0.0,1,1.1464072345732619,3.7144977732781914,1.6110947779608915,0.9230905372472696,-0.30627988704281317,1.2394228884429348,0.9204049531428841,0.6080287399103224
170,0,fear,0,171,0.0,0.0,1,2.4337778079476378,-0.2464926131542811,1.8844899261447134,0.17722373050999585,0.339834553370308,0.2065326157209335,0.6807500965206037,-0.003809557290715363
172,0,joy,1,173,0.0,0.0,0,-0.14390057788535998,-0.11019325879299363,-0.07517429098295131,0.7062732679038297,-0.13273728458116937,-0.6127630396929856,0.289548186990626,-0.9961628100220445
173,0,joy,1,174,0.698132750573626,0.925625609029704,0,0.9279017341984499,-1.511648199189377,-1.3705319874100714,0.7227222204726103,-0.9017967429534267,-0.08055745147086044,0.32299204302542806,0.6159290596308402
174,0,joy,1,175,0.0,0.0,0,-1.3079544932594958,1.1214646656875065,-0.31129706450149064,-0.1819859102770669,-0.7895570070828204,-0.34921912908395636,-0.3600475294803677,0.24814257087636518
175,0,joy,1,176,0.9097156612411628,0.8953587593864102,0,-1.461730288312384,-0.5461355683423256,0.003513507970600741,0.739652314904668,-0.2651407025427138,-0.5874312192795152,-0.4042090444917137,-0.10250143825258413
176,0,joy,1,177,0.5577017193528755,0.815846058213143,0,-0.3832358581288529,-1.2174184105442123,-0.8452559760428735,0.5913806994190939,-0.10163551528147721,1.6147267032667671,-0.4605926739207442,-1.0480409595187152
177,0,joy,1,178,0.0,0.0,0,-1.9134025818387872,0.34347000857663856,-0.35715989072260934,0.6298019217177234,-0.8922126039952403,-1.4565460293013315,0.8875052306402402,-0.855625248883866
178,0,joy,1,179,0.0,0.0,1,-2.1325269627103074,-0.20298447236443948,1.3549195699842211,-1.2400261381579771,0.10288463132281268,-0.8336405502230547,0.29637308723606914,0.7835076946613923
179,0,joy,1,180,0.9448615012720412,0.9332777439966428,0,-0.005268980219087506,-0.20082103579533991,0.24462932427769674,-0.001684876044604225,-0.939003324011576,0.16696672768376758,-0.5257574634572828,0.6566402562978749
180,0,joy,1,181,0.0,0.0,0,2.661359375682652,1.0732538362050592,-1.3915174911330241,-0.20997520382491447,-0.38762580470567165,-0.08807531383540518,0.7099257519233707,0.8578247166014961
181,0,joy,1,182,-0.1279888574361177,0.7347683323546518,0,-0.2560479938969309,0.7446478617382416,0.550958286169142,0.28642248343554705,-0.15097185319900286,0.1095255808762958,-0.2308872628051946,0.24729055302753744
182,0,joy,1,183,0.0,0.0,0,3.997901523390376,1.7768213686593897,-0.8506009531926565,-0.9035070107380452,0.572660606068738,0.5438059971588523,0.5563187892165897,0.00371023394957401
183,0,joy,1,184,0.9589078972925617,0.8538171346926253,0,-0.11404741653800891,1.0541327532574114,-0.05756666523773112,0.06355948923557508,-0.674198118113738,0.8391713521467231,-0.7776789308600044,0.07478703636726743
184,0,joy,1,185,-0.8509740315396841,0.9119894162809052,0,0.6465041174783418,-2.319248695989071,-0.5957830711760348,0.03593762009001428,-0.29371317866931285,-0.013435485167827527,-0.0557589188791901,0.05507165810214045
185,0,joy,1,186,-0.7218660422551645,0.6212105669837386,0,0.19498282073431383,-0.42607548262230077,-0.16226478308882353,0.15895069499126693,-1.2412287187613877,0.25342315867157905,0.44128178022127507,0.47812807417190156
186,0,joy,1,187,0.239927613524644,0.8998784705280464,0,0.7271994770309463,0.6280571458679958,-1.1029520435281288,-0.28831006314831875,-0.01630354512023746,0.22653666766599373,-0.22029677528633426,0.7444735982570418
187,0,joy,1,188,0.1235026756300621,0.3843133542495205,0,-0.381499566669494,2.4990466290779576,-1.1978575116442864,-0.4318881037837383,2.4817492756614823,2.6584800062552794,-0.45939412986361494,-0.7560077929754911
188,0,joy,1,189,0.0,0.0,0,1.545023612653879,-0.7902130628191611,0.4042979696778027,-0.811224960844883,0.10231062882546266,0.2697598490299268,0.5766407604731277,-0.54043212084478
189,0,joy,1,190,0.5670522413600741,0.7712926149059736,1,-1.7920316955032811,0.8408398873028418,1.3147979063063204,0.007163156626606909,-0.8000185431001712,-0.8359744355951102,-0.9687883688501499,-0.13662917938380614
190,0,joy,1,191,-0.8376781271407303,0.8464580138424318,0,-0.11321928626900266,0.22184309949555958,-1.3141825229487463,0.3877603064273164,-0.25854591054293274,0.7424809966570365,-0.028726650182516134,0.6538400129903172
191,0,joy,1,192,0.2033145481563759,0.9455625262497896,0,-0.9722557700161271,0.1864855122697942,-0.17334031844839634,-1.1771604646587417,-1.4916123566740083,0.06716625130444855,-0.3142478576652237,-0.47039713992721033
192,0,joy,1,193,0.0,0.0,0,-2.3820160974178055,-0.7107130493471565,-0.961777003923725,0.5781056470302155,0.03209765006826462,-1.0393567681919158,0.942595482959667,-0.8983656662036816
193,0,joy,1,194,0.0,0.0,0,-0.5030742372210008,-2.1144311007043837,0.030497280131932647,0.39722612690012266,0.2412980214868628,-0.6415537667853273,-0.40469463464606037,0.5312796872430633
194,0,joy,1,195,0.4707188126918847,0.9071576135823084,0,0.25380055584399075,-1.0959695212374243,-0.6297100273617033,-0.04573621127720699,0.8148063014668152,0.2781636694993678,-0.8546291282403318,0.33801014711793415
195,0,joy,1,196,0.0,0.0,0,-0.7747792375434422,0.5481351690010354,-1.600684842811497,0.8083319053974702,0.6093533464903833,-1.8850610615475638,0.5868276353594888,-0.517401616048312
196,0,joy,1,197,-0.2438371224207181,0.8875240212312019,0,0.5182161464467522,-0.4059804878882289,0.36860760468362186,-0.43738074929889115,0.2352877267832897,0.05965208364772569,-0.257947091875735,0.05569263668352143
197,0,joy,1,198,-0.7628658220981157,0.7918104507239171,0,0.005289303081511494,-1.701029730132331,0.0153356099299473,0.5013089401372656,-0.7041342730572733,0.6047502599773007,-0.23572760167437062,-0.13668611898978383
198,0,joy,1,199,0.0,0.0,0,2.2270383324800482,-0.0926746568061313,-0.8440434424180815,-0.4650693016028099,0.3581584498003556,-0.4590376442302495,-0.4576558212083589,-1.572070716321378
199,0,joy,1,200,0.9811720286404096,0.8692058217786887,0,0.32042466386575175,-1.2821963528160616,-0.25149456091050426,0.2130611857113096,0.2556521127831711,-0.29804825715052163,-0.5506904338791012,-0.07144653141118532
200,0,joy,1,201,0.9818445985498088,0.875387576392101,0,1.3061326932747666,0.8405662349217421,-0.18184566743777822,-0.24298097918469286,-0.5662412752556742,-0.2847608341044569,-0.06673864571952487,0.9378170984441903
201,0,joy,1,202,0.0,0.0,0,-0.8845745311357939,0.305831795502861,-1.7169515254279146,1.564274022965894,0.6006976488829596,-0.6926339328551268,0.6480678318305975,0.3670062824039588
202,0,joy,1,203,0.0,0.0,0,-3.2671488958293966,0.11976828920952626,-0.46812936982996967,0.5813430227870322,0.07530908029345773,-0.891358563950559,0.5785333362581764,-0.1779046411627036
203,0,joy,1,204,-0.7590811347219246,0.9370442545687808,0,-1.1279734620131496,-3.336852874592724,-0.44799406339570524,1.6336420107506975,-0.3389948618708632,1.4180186196325868,-0.7559582114035823,0.5009835566939
204,0,joy,1,205,0.8273456517751404,0.4096579911228112,0,0.18269750428198267,-2.1872478094461134,-0.028896995155374004,0.7417657730233136,0.22879829665712365,0.18349567066589195,-1.4177958173562575,0.45205563683770905
205,0,joy,1,206,0.0,0.0,0,-0.35216000672428105,-0.09150222137844638,-0.10765897286706456,0.5378547695057592,-0.4463204924546398,-0.9210747544306636,0.6442324077898032,-0.7273459584114641
206,0,joy,1,207,0.9867368704222794,0.9363750118455292,0,-0.7534708694413829,-0.02572218990810441,-0.7557697622921302,-0.06767960445078566,-0.11132757944570819,-0.6747408235047636,-0.30155463633740903,0.0789585643190094
207,0,joy,1,208,0.3824948375844179,0.90698858350405,0,-0.022877735458372704,0.43772760843334424,-0.7218610816521893,0.27007984821737163,-0.6859590414558925,0.6291003909671113,-0.04348766837706483,-0.09305464641536829
208,0,joy,1,209,0.3511881055498125,0.8874848404339611,0,1.1870289519157382,-2.712131523686797,-0.48660182460022244,0.024271240571485247,1.6597419186461813,-0.7815057129946354,-1.4530742907367435,-0.3977599709071293
209,0,joy,1,210,0.5470666702840556,0.8923813156805469,0,0.8716739448688655,-1.2668066336667936,-0.640773571692493,0.20280369390394548,-1.380852484298634,0.4123809219851594,0.18640524316591223,1.19320105428456
210,0,joy,1,211,0.9697958090847724,0.8903809383846824,0,0.2350147295576643,-0.5771767213073163,-0.018399178626810654,0.24863395644699943,0.05992234143540465,-0.6128147450180157,-0.5339392863606921,-0.4170559371654739
211,0,joy,1,212,-0.294605765044321,0.8819167934757273,0,0.46931303783867223,0.49831924786341286,-0.0622514043207856,-0.7474640838987553,-0.44859730757601524,-0.02304079737383708,-0.5854349611552678,0.4630934721999274
212,0,joy,1,213,0.0,0.0,0,-0.2342631416887518,0.6885810038470386,-0.24734737092355663,-0.5280552768793292,-0.1945925325103864,-0.19939414730997,-0.01582565620609068,0.9023632416327859
213,0,joy,1,214,0.9267961983312208,0.4042944267747737,0,1.2117048383745526,0.32285774645339976,-0.6619613841791911,-0.5853441299331714,-0.09122696927721019,0.6277550427649822,-0.054280748160308756,0.40886735537307684
214,0,joy,1,215,0.0,0.0,0,-2.2583966168286302,-2.0385704892945187,0.6024432049870015,1.1259061137286772,0.3132467086657872,-0.21621239976815118,-1.2339685124566107,-0.747435359861583
215,0,joy,1,216,0.0,0.0,0,-0.34360146230377897,-0.03490017822125438,0.7498703735799203,-0.7581690991128618,-0.04733531319748256,-0.46049039980571704,0.4315845129174419,-0.1898161527774751
216,0,joy,1,217,0.0,0.0,0,0.8994873333346979,1.057285411273986,-1.738473042348812,0.21751047217910713,0.16462775804077268,-0.36111128315772756,0.49236486272467844,-0.08695192869985835
217,0,joy,1,218,0.0,0.0,0,-0.3176576328111933,-0.42299378991399744,-0.25615730663409064,0.7125650476526109,0.0032336680909927362,0.5246067706966115,-0.3874242667159929,-0.335195643222302
218,0,joy,1,219,-0.9722137903157368,0.8916406810262842,0,-1.4487620684382163,1.0055984176283648,-1.2330615887271215,0.11650255152729097,-0.4352594049357615,-1.4157816906793024,0.9452435144425702,-1.2567621570388134
219,0,joy,1,220,0.7321893839743726,0.9413183729293216,1,-1.9402207617572034,-0.7195300137234282,0.6097588279802131,-2.4680428748453798,0.20182911985721982,0.1860627533200563,0.564626553201411,0.7896620711111165
220,0,joy,1,221,0.8185416629670902,0.8970597705209143,0,0.47442450388037116,-0.15020757213955888,-0.3712926184764819,0.716283985532475,0.21612571451888307,1.4364504872769979,-0.8625626689926176,-0.09806217084749679
221,0,joy,1,222,0.3949250898504507,0.8289393594133629,1,-0.5333057872820479,-1.562572138003166,0.6505686035157106,0.2823826658724979,-0.8181091703289485,-0.1957523468725814,0.8627916977196957,-1.154824564284534
222,0,joy,1,223,0.0,0.0,0,-1.3826130932555538,1.6398564996163423,-1.037387298401301,-0.8161122144638548,-0.6988967463788434,-1.2407395632377494,0.4487564806523567,1.021737186026423
223,0,joy,1,224,0.0,0.0,1,1.092564329850953,0.5638640101268886,-0.64581431208279,0.13596263760437483,0.239073242857906,0.9713784534535812,0.7850561201375117,-1.257151105144047
224,0,joy,1,225,0.152280586802364,0.8601294076495554,0,0.2684618444391874,0.6692999402710447,-0.06654693826321681,-0.37079696197128353,-0.4501033937687717,-0.8925551132286279,0.20502165386792828,-0.24234028088340534
225,0,joy,1,226,-0.0370156089469131,0.968981664441027,1,-0.2710122492162301,-2.148921530709125,0.04336218720086598,-0.263577847107169,0.5740569887068965,-0.2240345801941026,0.37124137981000954,-1.3218360519636505
226,0,joy,1,227,0.0,0.0,1,-2.6307081646835435,0.05268640925021495,0.24984799045929446,0.45121696235349573,1.1928904405426723,2.5880223130797955,-1.8604470131778026,-1.972920522983348
227,0,joy,1,228,0.0,0.0,0,0.5655142996888889,0.6050851662673414,-0.8066584473042765,-1.2557572051114112,2.9936722873366026,0.43498972619036363,-0.5938953613778581,0.03602807786773755
228,0,joy,1,229,0.3429017971396274,0.9438284682213588,0,-0.03129503893551083,-0.5360132786720984,-0.23239620206657538,-0.4072469162963696,0.6345314212565041,-0.9692298021782535,0.6325347883510254,-0.33212193589474837
229,0,joy,1,230,0.1574880860087945,0.412394756282346,0,-0.5590974485463777,1.0092759534405258,0.4433538762585105,-0.3812138033398269,0.43399182112853973,0.34171739863871253,0.03215592750337232,0.44761899567720287
230,0,joy,1,231,-0.8599907498943944,0.920169895837226,0,-0.381499566669494,2.4990466290779576,-1.1978575116442864,-0.4318881037837383,2.4817492756614823,2.6584800062552794,-0.45939412986361494,-0.7560077929754911
231,0,joy,1,232,0.0,0.0,0,-0.131688853426099,0.42529314479606584,0.5356505303732908,-0.637190298305353,-0.5721462857593602,-0.15535270425112105,-0.2911510135830283,0.40536305571758047
232,0,joy,1,233,0.0,0.0,0,-1.9438063465999642,-0.34810975047120224,-1.7068405598356644,1.070733218007228,0.07586125993305459,0.3870474838167301,1.2525050842008727,-0.3425218621394799
233,0,joy,1,234,0.0,0.0,0,1.724211625174888,1.5059431639439707,-1.2163633595502161,-0.19482170386421827,1.098051749031157,-0.08950890499692801,-0.3941809208554493,0.008887542363957382
237,0,sadness,0,238,0.0,0.0,0,0.036423016224349056,1.2380115374344014,-1.255841469822459,0.12083485822912282,1.2641896808006177,-2.072872344082791,-0.6204548538668315,-0.6819055887117604
239,0,sadness,0,240,-0.9503705536068126,0.3484539424016279,0,1.5203611054955515,2.3266242287781207,-0.8456806501723821,0.06937821930096028,-1.043179465951386,-0.7891392788605156,-0.9366734408349081,-0.22380862826389072
241,0,sadness,0,242,0.2077743703887236,0.7780543935453087,0,1.3324186710872794,0.7570517187591114,-0.7184966800493799,-1.5015779171142827,-0.8257770162007044,-0.22713221474575915,0.3364002891895464,-0.27720973374963487
242,0,sadness,0,243,0.0,0.0,0,1.0829240398900533,-1.2881913023855311,-1.8018041477453828,1.1307235656744523,0.39983518880291746,-0.11789661877570932,1.1294751438716375,-0.05060658574963253
243,0,sadness,0,244,0.0,0.0,0,-0.8034077742605188,-0.8834419802425308,-1.0669920907459207,0.8968641354599516,1.8914101683247673,-0.3683786085461101,-0.9113566931271943,0.4420083854532254
245,0,sadness,0,246,0.0,0.0,1,-1.5188224817242657,1.737346118971242,-0.6420494456290767,0.49990983722672394,-0.7762497174284442,3.4714577225676235,0.9186887425410263,-0.2124148440661024
246,0,sadness,0,247,0.0456472938282299,0.8966946841595526,0,-0.06679203588501005,-0.3536112523613685,0.9953009303211022,0.24041628125943793,-0.7441155844387619,0.5433049524298594,-1.212309436655194,-0.27100541215207413
261,0,sadness,0,262,0.458355980825099,0.8890837679187484,0,0.8867102846085158,0.19205269374500894,0.6335642711140899,-1.3972425700257058,-1.1837369505916413,1.213908183595417,-0.7380115097084308,-0.0596018544458391
266,0,sadness,0,267,0.4521732774571933,0.9264246383761536,0,-0.010757057257908095,0.7259605123510305,-0.024695786204720904,-0.3768598600991932,-0.04273408328160333,0.3232689062811163,-0.63765530578514,0.618911488974609
267,0,sadness,0,268,-0.1944961186443919,0.9312351965462308,0,0.07513138657347332,-0.3125629289632321,-1.4970290355738878,0.9101531310476954,-0.6656550423003986,-0.14452138816971893,0.5820691119699315,-0.4091091988751107
271,0,sadness,0,272,0.0,0.0,0,0.17273193141404392,0.6489509416460219,-1.450489333515475,1.0189788803978908,-0.6501786073328352,-0.8701243329039655,0.1794815570599006,0.4176021719057669
273,0,sadness,0,274,0.0,0.0,0,0.1954866088206346,-1.248677689134897,0.1462031910159264,0.39172365905392525,0.3025995536351591,-0.08224018850484419,-0.10321322959628654,0.8361236581215029
286,0,sadness,0,287,0.5403809560632552,0.3668545560718148,0,2.0388845299805616,1.1029776119756498,-0.8108001057922404,0.2354909238955362,0.05878560683853179,-0.426161461766716,-0.8499650378960245,-0.2999365337106513
288,0,sadness,0,289,0.0,0.0,0,-0.0498136097047136,0.7607767099242272,-1.3887054324597388,0.03179103342563938,0.3334646056422919,0.9081548575282926,-1.096861789147541,0.8238053723754276
289,0,sadness,0,290,0.054750868182167,0.8813489385872033,0,-1.6397333186547156,-0.6970731129991085,-0.25984688307972803,0.4397361262086266,-0.6341336741944767,-0.14751176997734938,0.22037432503202836,0.035610959743089275
296,0,sadness,0,297,0.0,0.0,0,0.5220848221597487,0.6906816189185478,-1.2291335092844389,-0.30246411744720936,0.6131216267116288,-0.11215736977297469,-1.0331452082981452,0.8438931852372015
299,1,sarcasm,1,300,-0.0131806332328552,0.9303469422643303,0,-1.4065634900266761,-0.16902930593366033,-0.048429258708541326,-0.7999748938365807,-0.0617899370445629,-0.01714703312110078,0.6929202170500717,0.3651360672655054
300,1,sarcasm,1,301,0.0,0.0,0,-1.6217006835423977,-0.6825475260733946,0.3646679500510345,-1.2907116174084723,0.8690878335336628,-0.2881946696971946,-0.39226129333344056,1.4316806355106724
303,1,sarcasm,0,304,0.0,0.0,0,-0.7463699387969466,0.7463361578138699,0.9890036728168591,-2.4115596783262943,0.659534192630421,0.561695900882866,0.43586870105713016,0.43245782615863676
308,1,sarcasm,0,309,-0.0130102130997759,0.7528708942669113,0,-0.8486649768475258,0.029160316812121168,0.1802844193040786,-1.8690652442543596,0.24410012314170265,-0.5978259332803555,0.18453314485166752,0.4886955963675884
309,1,sarcasm,1,310,-0.936667867967176,0.8320515074867733,0,-1.3880875258983618,-1.795162134181517,1.1653577443016412,-2.448201042249871,0.8591451509927265,-0.5954087125612333,0.9525764601726794,-0.12460406709837714
311,1,sarcasm,0,312,0.9876215217666804,0.8275148432320497,0,-0.4970146467693482,0.056725339791659085,0.9898666971796033,-1.6264352676114582,0.28442919005567724,0.7509145498660449,0.16838220706170126,0.22545124008745407
314,1,sarcasm,0,315,0.8992872942042508,0.9451369810375082,0,-0.8539568018588698,-0.8079502685838151,0.7733161419700497,-1.5417816024165878,-0.6127276425832455,0.5983544136503809,1.0631193118198066,0.22125903188165857
317,1,sarcasm,0,318,0.017756421971723,0.9052335310090024,0,0.6907416790562838,0.7468552177686235,0.2686269922863904,-1.71612744493049,-1.0700046977964766,0.11901222202089268,-0.29360874444332785,0.8028235114634823
321,1,sarcasm,0,322,0.5325929198299454,0.8278167077679021,0,-0.9011091879586315,-0.9405986270504471,0.8822267932231589,-0.9994885509296867,-0.4275046730376468,0.2745220744933604,0.3731385110719977,0.1043536981553233
325,1,sarcasm,0,326,0.0,0.0,0,-2.033001482511519,0.3597273832117205,0.9053241611296462,-0.9896586494372126,0.14498515511924265,-0.09044205415951428,-0.37936272183075664,0.49349823810027676
329,1,sarcasm,0,330,0.494496825407442,0.8834078614983953,0,-0.6739703754862997,-1.3481422194724288,0.7186590234062654,0.7551751126072627,-0.9464700890870839,-0.57482491975649,-1.0099096043707823,-0.9966926789453532
330,1,sarcasm,0,331,-0.928488040904948,0.9259930824988872,0,2.55258721078416,1.2045030043961065,-0.6786427350772092,0.25770359728025616,-0.16981466581371749,0.7159568125610652,0.8725412794727769,-1.0865069037596131
332,1,sarcasm,0,333,0.9811772129062648,0.8553585159013026,0,-0.5604563423770407,-0.7040543264208908,-0.4073376932756004,2.204742282261397,-0.33788726518183737,1.4547753542283748,-0.2956464387022577,0.943742504356686
338,1,sarcasm,0,339,0.944619807800586,0.8673929882774228,0,-0.2836857702277347,0.14743702785301976,-0.8122873810615264,-0.47062563809393254,-1.3223893981309383,3.629632303577689,2.380278678998981,-1.8978891916633271
339,1,sarcasm,0,340,0.002489004190715,0.9406095115448408,0,-2.140600995079995,0.9024354729218538,-2.335740278739194,1.8555100228863348,-1.6520556667036708,2.0858011959195912,-1.0236263956450102,-0.6037685060250508
341,1,sarcasm,0,342,0.5647833825748992,0.96761192707195,0,-0.8770831359193797,-1.258370900366924,0.3099392704378657,-0.00034263795669736696,0.24367827058777425,-0.3770127198296408,-0.40636566370867117,-0.5388910687909254
343,1,sarcasm,0,344,0.5351652862125051,0.93940950181025,0,-2.529583103086008,-0.5903535283809892,1.2424407269205682,-0.4106666111195792,-1.312740811116596,-1.00795672853508,-0.10704897032945679,-1.2241298276213761
344,1,sarcasm,0,345,0.5231234251687098,0.428464559099644,1,-3.171038864587784,-0.3541207732650439,0.5343647942551503,0.2116035374624518,-0.907340917643294,-0.4902792597134734,0.4421514650534816,-0.3818679197777746
350,1,sarcasm,1,351,-0.5516235492932371,0.9285017584647371,0,0.8937455050624443,-1.6855533075759235,1.0013393240497002,-3.452207216700989,1.074446371732945,0.9354888208092673,1.9636448289400794,-0.9802904986542043
354,1,sarcasm,0,355,-0.0423298535983794,0.9264229306240276,1,-1.8723471331177306,-0.9790202496646883,0.5289758415774091,1.5105841548858354,-0.30087032510691303,0.06529921339477249,-0.31798849226679127,0.9737078530751113
365,1,sarcasm,0,366,0.8430937929236112,0.9708467991000388,1,-3.065679662620118,1.2821749799695323,0.5007082749009805,1.4435343706488881,0.26045089162439816,-0.9048555102736315,-0.9423321105840071,-0.601455635545088
366,1,sarcasm,0,367,-0.8150109119532658,0.9276749673151684,0,-0.9900444061340741,-1.25824563162233,0.5994928262396565,1.4537453034126546,-0.3492899999200709,-0.4205424755983369,-0.42427624312339896,-1.5035590767454765
369,1,sarcasm,0,370,-0.897177048838538,0.9097294267254672,0,-1.991471605852012,-0.7891189313797276,0.19576388577058473,0.8764769408051238,-1.3488669694367337,-1.4479633686522404,-0.1135577601617832,-1.5576347012619958
371,1,sarcasm,0,372,0.5728696505386642,0.9240804177003924,0,-1.4972777109977047,0.3222816752844244,0.6162021024407196,-0.3665775009306238,-0.2849302570846871,-0.10523664574120302,-0.4639298846519536,-0.506279238188455
375,1,sarcasm,0,376,0.0851826788450806,0.6439848123884881,0,-2.3553251962599586,1.3710468365911017,-1.330691368355994,0.31032109749945014,-0.5536746118434797,-0.6761927785507527,-0.0051025077310020706,0.4732150184986854
376,1,sarcasm,0,377,0.0,0.0,0,-1.585471287951937,-0.628943590686958,-1.3564619895189272,-0.39620289662955727,-0.8987268406035963,-0.6632551365022404,-0.2791563103526941,1.7805014914356612
377,1,sarcasm,0,378,0.8518240424507334,0.9181159148899224,1,-0.7147718782739153,-0.22580115036178888,-0.5645181726199601,-0.23388759723239047,-1.8248899964556857,-0.34461775657157206,-0.39165347543601337,0.11496976112843306
383,1,sarcasm,0,384,0.186662586590387,0.8797860726385615,1,-1.6633645395707928,0.2850129727234736,0.8369440893885413,-0.6452284211450632,-0.6479801813662995,0.4602076495279766,-0.5020483776405049,0.4378592687214782
388,1,sarcasm,0,389,0.1854180454209747,0.6593965795960399,1,-2.160069027032987,2.627614395212652,4.860483156054071,4.958065719335122,-0.6021948575329426,3.4977876427204913,6.468806068860678,0.08611045309962316
392,1,sarcasm,0,393,0.4864222522993092,0.9331420069754124,0,-1.1317636730928355,-0.06813720898379738,0.9168524562643163,-0.7640075190152069,-0.5681939583421759,-1.6136857007027947,-0.2051934850601001,-0.5718308248752838
395,1,sarcasm,0,396,0.0,0.0,1,-1.6032019718523562,2.2031353309819743,-0.9750714222876099,-0.023885226127864798,-1.5996118880283947,-1.0608641912948635,-0.7841505641981454,1.9484372058995858
396,1,sarcasm,0,397,0.2357796211301514,0.8916386839734337,1,-0.8708112975884207,-1.7806850662422944,0.9151613159978028,-1.2306938814845765,-0.421109750486929,0.7290720051073346,-0.12538535103176063,0.1491685040338754
402,0,surprise,1,403,0.489320627702214,0.898766424634879,0,-1.2725526820416586,-0.5309953806738178,-0.21380474461887444,0.8967430375507721,-0.416639443893043,-0.3815792552274182,-0.5076658020455428,0.21824285611956484
405,0,surprise,1,406,-0.8711516635841523,0.8553600403365867,0,1.2144904995497754,-2.8793404884414997,-0.32595672531111053,0.32182516869692834,-0.7460644370092631,-0.32745722581131403,-1.2984962869067025,1.3450955464584369
407,0,surprise,0,408,0.5462907802872179,0.8851669364708472,0,-2.0160993348047134,0.4546159662918958,-0.9938396630895472,1.7452050398924008,-0.37933999544368385,-0.4347488843121714,-0.8348302249773617,1.423864144090798
409,0,surprise,0,410,0.0,0.0,0,-3.2753245810368465,-2.310938870007793,-1.4168910625498166,0.3828229785075896,1.2416579661397096,-0.5364650140529483,1.2451974846103402,-0.2910898542406278
410,0,surprise,0,411,0.0,0.0,0,1.9134302979340307,0.934190330901822,-1.294166747786335,0.5302509783839573,0.003795337570909746,1.641044270413857,-0.28864210826020076,-0.7706714746998992
412,0,surprise,0,413,0.9697284914056944,0.8025753198296243,0,0.1390545011461192,-0.4545502442658938,0.004423245745405364,-1.207605279436328,-0.21508803680164273,-0.15512457811778138,-0.4340193953534841,-2.7474128351774483
414,0,surprise,1,415,0.0,0.0,1,1.2613338120125046,0.2501211559855145,-0.6135593462749398,-0.33831059665885843,-0.13862864927923807,-1.8160572766738419,1.3486297048062545,-0.7300209675912978
415,0,surprise,1,416,0.0,0.0,0,-2.105614641640859,-1.9550458068699519,-1.3152541678814689,2.0294698748999007,0.3705554682388278,-1.7787298720353297,0.38615221253812415,0.5665694512583997
417,0,surprise,1,418,0.1830194353887101,0.6529828884435835,0,-0.869031158724925,-1.9159302508994118,0.5295320415569283,-0.19997606705834864,0.005935432493297421,-0.3205991940925359,-0.18587704832029978,-0.3631609678717307
418,0,surprise,0,419,0.0,0.0,0,-2.220987883693861,1.8081824470692598,-2.3201992235740048,0.4313786512956948,1.6359738581814292,0.1766018238440324,1.9072805533395836,-0.5080701798255614
420,0,surprise,1,421,0.0,0.0,0,0.7727284260807677,-1.5416570670342433,-1.0680426982147524,0.08332142788296881,-0.2208220690278142,-0.02477576396190001,0.9708826341943675,0.11576094806588222
423,0,surprise,1,424,0.9895515467486252,0.8954037056883378,0,-0.7478621178894828,-0.09106167451580613,1.0407931016578325,-1.6564232012963795,-0.6595848275050687,0.4535904721706537,0.3244762291760851,0.7152291585536309
424,0,surprise,0,425,0.0,0.0,0,-3.2570046162551254,1.1622234578859043,1.6532080157863385,-0.11844310554873788,2.5177460585513094,-0.3651798269103136,-0.8918534117974837,-0.26340938847394024
426,0,surprise,0,427,0.2410691798414707,0.913709413334866,0,-1.0325815206337141,-1.323259906235301,0.8858580912051932,-1.1175437809671347,-0.6451040858471336,0.3267728917197682,0.19412788641157575,0.8453191432093652
428,0,surprise,1,429,0.1233827964505303,0.857454587173761,0,-1.3292509655460842,-0.13426613023990538,-0.5267788749829847,0.36805152122179763,-1.0751698745249105,-0.9851434560400385,-0.34961552452747624,0.4109734725417989
