,sarcasm_label,emotion_label,sentiment_label,id,spectral_centroid,spectral_bandwidth,pitch,energy,loudness,mfccs_0,mfccs_1,mfccs_2,mfccs_3,mfccs_4,mfccs_5,mfccs_6,mfccs_7,mfccs_8,mfccs_9,mfccs_10,mfccs_11,mfccs_12
0,0,anger,0,1,3194.0611551900697,2498.073257786857,1724.7587890625,0.0001689450121894,0.00973745,-581.4388427734375,103.19503021240234,-34.15917205810547,-0.6966552734375,-8.942310333251953,-9.98560905456543,-6.722594738006592,-6.088647365570068,-12.38152027130127,-7.555904865264893,-1.5830944776535034,-0.9082651734352112,0.07647475600242615
1,0,anger,0,2,3207.4308271531536,2460.578686695224,1596.321533203125,0.0004811933918425,0.01774681,-519.671630859375,99.21368408203125,-31.404706954956055,30.882394790649414,-4.019679546356201,1.883116364479065,-17.866735458374023,-3.908888101577759,-3.7515182495117188,-10.702564239501953,4.395909786224365,-10.53669548034668,-3.9369490146636963
2,0,anger,0,3,3189.1657364823373,2348.431343255982,2021.3489990234373,0.0001648619237292,0.009493501,-604.3026733398438,90.88034057617188,-34.52025604248047,32.325927734375,5.849225044250488,-11.916833877563477,-12.0526762008667,-5.394704341888428,-2.7602670192718506,-19.729318618774414,-6.80148983001709,1.375306487083435,-4.763419151306152
3,0,anger,0,4,4078.493478875405,3491.3451313282594,1616.683837890625,0.0001805808139581,0.008689025,-593.0642700195312,92.73889923095703,-22.86328125,0.7631234526634216,-5.8455095291137695,-2.3305399417877197,-7.0075178146362305,-4.01129150390625,-3.34678053855896,-7.0347065925598145,-0.2510974407196045,0.27919477224349976,-0.9026728272438049
4,0,anger,0,5,3678.133007060202,2459.1922757915145,1724.6781005859375,0.0011072567405179,0.02461613,-523.6166381835938,77.15715789794922,-10.64750862121582,25.155961990356445,-0.18078818917274475,5.02746057510376,-7.410804748535156,-8.471724510192871,-2.567750930786133,-6.176375865936279,-2.0006844997406006,-5.672809600830078,-10.50929069519043
5,0,anger,0,6,2709.7858305151376,2648.454422457185,1870.395263671875,0.0002839630850492,0.012895289,-567.1749877929688,105.07672119140625,-40.51948547363281,37.48192596435547,18.05914306640625,6.791954040527344,5.524779319763184,-3.8128297328948975,-14.321099281311035,3.972026824951172,6.640620231628418,-15.062748908996582,-4.131800651550293
7,0,anger,0,8,3324.058362149941,2568.667122999268,2270.0673828125,0.0001974441986315,0.011037465,-559.69189453125,68.79371643066406,-30.107088088989258,26.058008193969727,-25.57126808166504,-2.8527183532714844,-10.65876293182373,-12.39635944366455,-4.4068756103515625,-16.884174346923828,-10.132650375366211,-3.488253593444824,-4.976715564727783
8,0,anger,0,9,3849.877505488523,3126.1519311993497,1869.94384765625,0.000144928939564,0.007848676,-616.235107421875,68.93260192871094,-19.223512649536133,28.420459747314453,0.9616978168487549,0.5123928785324097,-10.55528450012207,0.8062100410461426,-5.369518756866455,-2.0674188137054443,2.2010951042175293,-0.7018275856971741,-2.310302257537842
11,0,anger,0,12,2759.5976078692397,2439.458442569635,1628.2171630859375,0.0001543202506889,0.010594155,-603.4719848632812,105.79579162597656,-0.5745552182197571,34.45782470703125,2.0844500064849854,8.33859634399414,-0.44464606046676636,-10.576059341430664,-20.325654983520508,-3.99631667137146,-2.326218843460083,-19.400972366333008,-15.529718399047852
12,0,anger,0,13,3043.7114767608537,2569.674896723405,1530.5164794921875,8.490252039136723e-05,0.006833882,-620.50390625,109.54318237304688,-18.546255111694336,17.40794563293457,-0.35796648263931274,-2.3169198036193848,-7.656900405883789,-11.577556610107422,-15.289570808410645,-14.095576286315918,-10.575318336486816,-13.36064338684082,-9.88525676727295
13,0,anger,0,14,3354.842587927412,2851.496815515224,1587.977294921875,9.140176773481524e-05,0.0070298146,-650.5927734375,85.39297485351562,-18.359899520874023,15.669325828552246,0.3464215397834778,6.839694976806641,-10.061563491821289,-7.675732135772705,-10.02211856842041,-9.609633445739746,2.0481584072113037,-11.842068672180176,-3.4446120262145996
14,0,anger,0,15,2960.0857500653283,2428.428993674881,1692.7882080078125,0.0001499333506419,0.009315722,-594.3065185546875,110.76689147949219,-10.221525192260742,24.357013702392578,17.615163803100586,-5.361598014831543,-13.461127281188965,-5.62497091293335,-8.548501014709473,-11.821268081665039,-7.908081531524658,-13.829558372497559,-11.310125350952148
17,0,anger,0,18,2564.8997812820694,2636.8096064331376,1595.7823486328125,0.0003299125532054,0.014780183,-465.2076416015625,151.47914123535156,-54.318145751953125,14.046407699584961,-12.597416877746582,-2.97605299949646,-12.697665214538574,-4.920378684997559,-6.354441165924072,-9.984654426574707,-2.3822021484375,-0.3410252034664154,3.1358914375305176
20,0,anger,0,21,4513.863160752279,3182.8998342009672,2118.08154296875,0.0025358789397361,0.03271159,-476.0365905761719,49.68727111816406,-39.568111419677734,23.796926498413086,-11.411996841430664,5.9175214767456055,-4.640414237976074,-8.978628158569336,3.4245388507843018,-5.180678844451904,1.9455022811889648,0.037729326635599136,-3.0812671184539795
21,0,anger,0,22,4992.045887156048,3801.599134345428,1462.5032958984375,0.0001390382142072,0.0075385883,-651.4684448242188,89.83390045166016,-19.799585342407227,14.988295555114746,2.451373815536499,2.3046178817749023,5.193950653076172,-19.469528198242188,-10.999491691589355,-2.3574225902557373,-10.196577072143555,-9.214946746826172,-6.7921624183654785
22,0,anger,0,23,5714.107062747652,4171.938439778631,1793.3724365234375,0.0003817939977033,0.011491394,-608.2103881835938,51.29104995727539,-21.110170364379883,18.458179473876953,0.8091670870780945,-1.1054446697235107,-4.723893165588379,-4.361624717712402,-3.5540783405303955,-12.280526161193848,-6.156219005584717,-4.890011310577393,-10.309364318847656
23,0,anger,0,24,5621.743173780637,3763.37668142154,1938.2647705078125,0.0008037464939198,0.017675562,-548.7593994140625,27.283002853393555,-35.29994583129883,29.890544891357422,-20.289426803588867,6.507671356201172,-7.581761360168457,-19.669267654418945,-7.747229099273682,-6.897505283355713,-4.879601001739502,-9.261229515075684,-1.0441198348999023
26,0,anger,0,27,3306.241077527235,2624.538037997552,1745.0118408203125,0.0006241819653765,0.016069794,-515.695556640625,50.849029541015625,-14.590986251831055,11.873417854309082,-2.348104953765869,-1.3876760005950928,-5.606679439544678,-1.8553839921951294,-3.236501693725586,-10.541247367858887,-8.078227043151855,-0.3727652430534363,-0.7737013697624207
27,0,anger,0,28,5117.927626467264,4189.305902038105,2165.57666015625,1.4239375701104166e-05,0.002077889,-761.2882080078125,46.657257080078125,-24.763126373291016,29.422391891479492,16.250234603881836,11.854782104492188,4.723847389221191,-2.003298759460449,1.324488878250122,-13.014684677124023,-10.914690971374512,-1.6504418849945068,-2.5980629920959473
28,0,anger,0,29,3263.935012338041,2412.981476172702,1854.465576171875,0.0008352230830644,0.021983108,-458.0525817871094,87.64258575439453,-41.85062789916992,10.865408897399902,-22.269012451171875,-3.541884183883667,-19.743907928466797,-13.817022323608398,-5.183711528778076,2.408029794692993,-17.642887115478516,-20.2841854095459,3.197666883468628
29,0,anger,0,30,4254.039073981712,3485.210520624635,1692.7099609375,2.160045315594605e-05,0.0032065776,-709.7472534179688,66.87783813476562,-26.976417541503906,17.80448341369629,-12.68730354309082,-0.2796940505504608,-3.734834671020508,-16.70827865600586,2.594345808029175,-10.6322021484375,-10.416231155395508,0.9798893332481384,-4.165740966796875
31,0,anger,0,32,2647.256443695033,2287.7043102036746,1916.24462890625,0.0002199708433102,0.011400665,-541.6866455078125,104.95289611816406,-29.01027488708496,27.13545799255371,2.1842715740203857,3.3771443367004395,-14.278230667114258,-6.5744853019714355,-6.773316860198975,-12.812533378601074,4.609259605407715,-3.189338207244873,-2.461622714996338
32,0,anger,0,33,2905.464626122764,2397.71498371686,1716.2872314453125,0.0001016238501552,0.007933561,-618.7879028320312,102.37734985351562,-29.124624252319336,7.932066440582275,-10.6733980178833,-9.902947425842285,-11.775931358337402,-8.586462020874023,-6.575223445892334,-13.330873489379883,-0.1274033784866333,0.9903700351715088,-7.50235652923584
34,0,anger,0,35,5367.873110168815,3800.199623212448,1720.4300537109375,0.0001931907244044,0.008806693,-630.7962646484375,87.42373657226562,-23.4611759185791,9.883993148803711,3.1894588470458984,-0.9391212463378906,-4.999064922332764,-5.720208168029785,-6.404219627380371,-10.121089935302734,-3.2709009647369385,1.5258586406707764,0.3039928376674652
35,0,anger,0,36,3378.5817663118914,2429.73122184878,1705.710205078125,0.0002398387993636,0.011461826,-567.9671630859375,100.88229370117188,-28.4299259185791,12.220796585083008,-7.863336563110352,-11.49571418762207,-9.081960678100586,-9.446513175964355,-5.72995662689209,-12.08678913116455,-5.749329566955566,0.9790977239608765,-2.280651569366455
36,0,anger,0,37,2558.48243664506,2247.807642169501,1499.815673828125,0.0002482183542903,0.012954514,-583.301513671875,116.21351623535156,-9.430379867553711,19.63606834411621,-3.751861810684204,-9.088537216186523,-2.197932243347168,-10.946625709533691,-12.959550857543945,-13.089085578918457,-11.7980375289917,-8.29403018951416,-0.39860352873802185
37,0,anger,0,38,3516.4394130180094,2698.702371352926,1720.954345703125,0.0008078829604355,0.021692544,-478.33331298828125,99.22726440429688,-42.092647552490234,21.05200958251953,-3.16534686088562,-4.859520435333252,-13.014934539794922,-11.378151893615723,-6.662260055541992,-9.273608207702637,-1.0623950958251953,-0.5267459154129028,-5.784387588500977
39,0,anger,0,40,2565.03767417106,2521.8829200119253,1795.140380859375,9.978894171769626e-05,0.0058398074,-554.21875,124.69176483154297,-37.04930114746094,-5.073396682739258,-15.973893165588379,-16.713830947875977,-11.417263984680176,8.331791877746582,-4.240318298339844,-12.323429107666016,2.0047314167022705,3.3106448650360107,2.995213270187378
40,0,anger,0,41,3201.7290933781933,2433.396161553577,1716.2493896484375,0.0007938139732759,0.021815173,-513.060791015625,79.7449951171875,-13.169087409973145,20.88239097595215,-14.187183380126953,-2.1045055389404297,-10.378467559814453,-11.611894607543945,-8.576841354370117,-9.83448314666748,-11.493165969848633,-7.926724433898926,-14.933350563049316
41,0,anger,0,42,3135.4628682384487,2350.618782590875,1552.4544677734375,0.0007670224600403,0.021050438,-492.1748352050781,102.97181701660156,2.920044422149658,19.469661712646484,-4.5024285316467285,8.439659118652344,-19.9300479888916,-9.000864028930664,-7.495230674743652,-6.990561008453369,-2.7044947147369385,-4.563498020172119,-7.339129447937012
42,0,anger,0,43,4116.490653913832,3581.209509433287,1819.830322265625,2.6522893985768532e-05,0.0036314842,-684.31982421875,102.94884490966797,-14.06147289276123,17.68821144104004,-4.641938209533691,-2.5747323036193848,-7.113650321960449,-4.729380130767822,2.159407138824463,-10.733304023742676,-9.494388580322266,-1.442893385887146,-1.908292293548584
43,0,anger,0,44,3057.4695364258264,2762.0392159477083,1817.822265625,0.000118758826191,0.008387699,-625.3460693359375,80.2347412109375,-28.13759994506836,15.5236177444458,0.28154870867729187,-11.664190292358398,-15.720529556274414,-5.741509437561035,-3.7850754261016846,-14.057464599609375,-6.960061550140381,-10.375224113464355,-3.7548091411590576
44,0,anger,0,45,4545.287264744933,3715.020130646305,1500.302490234375,0.0001424610554325,0.008110415,-627.1185302734375,58.965782165527344,1.9075733423233032,25.72334098815918,3.0429019927978516,-1.8249773979187012,-8.050115585327148,-15.78717041015625,-8.067611694335938,-9.561095237731934,-12.356159210205078,-9.324705123901367,-7.64245080947876
47,0,anger,0,48,3108.193564345532,2763.258207703591,1729.5162353515625,0.0002202376893372,0.010998844,-560.3502197265625,96.86834716796875,-34.73793029785156,5.603297710418701,-5.57113790512085,-6.675832271575928,-22.051090240478516,-14.934829711914062,-5.439725399017334,-9.740771293640137,-3.5123934745788574,-4.267012596130371,2.068061113357544
48,0,anger,0,49,3803.6258154415873,3448.715687771632,1534.6297607421875,0.0001613821582911,0.008370442,-644.7073364257812,75.11945343017578,-14.23364543914795,3.562129497528076,1.9987307786941528,-3.279677152633667,-10.418020248413086,-3.2365386486053467,0.5203448534011841,-5.278947353363037,-0.829153299331665,-0.7034235000610352,-1.7651528120040894
49,0,anger,0,50,3736.241430839049,2890.066545796132,1649.7327880859375,0.0001525249622684,0.0091863265,-596.7941284179688,86.38394927978516,-23.326295852661133,19.486364364624023,-1.650632619857788,5.467947006225586,-11.933370590209961,-5.749806880950928,-4.0423078536987305,-13.860026359558105,-0.08678148686885834,-6.340327739715576,-1.4455724954605103
50,0,anger,0,51,3454.1609019630337,2030.3430548298145,1707.0614013671875,0.000266694950005,0.014078404,-547.5341796875,102.72123718261719,-15.103861808776855,38.629390716552734,-19.236173629760742,-10.163656234741211,-9.97416877746582,2.110790252685547,-20.1015567779541,-8.120963096618652,-7.699365139007568,-17.67268943786621,1.5458004474639893
51,0,anger,0,52,2735.752019800645,2014.6267745406624,1585.8074951171875,0.0001583548335944,0.009818126,-574.4681396484375,106.72208404541016,-6.494086265563965,16.78194808959961,-3.1716878414154053,0.8259254693984985,-9.236809730529785,-7.387085914611816,-9.798700332641602,-11.195932388305664,-5.436682224273682,-8.53536605834961,-7.394632816314697
52,0,anger,0,53,2551.191792429336,2148.1018220441097,1595.902099609375,0.0002469702591939,0.013231017,-504.62921142578125,125.677490234375,-51.00178527832031,16.466989517211914,-9.001275062561035,-9.921265602111816,-12.437578201293945,-1.3003090620040894,-2.2472689151763916,-18.809179306030273,1.2008651494979858,-2.5288100242614746,-7.351690769195557
53,0,anger,0,54,2191.201283685793,1795.5424204403623,1733.35009765625,0.0001864439029484,0.012000937,-584.276611328125,103.33354949951172,-20.387399673461914,22.806283950805664,7.525370121002197,-2.8296406269073486,-14.067200660705566,-14.255093574523926,-4.809996604919434,-13.226261138916016,-13.319814682006836,-9.665319442749023,-4.487074375152588
54,0,anger,0,55,2397.1017401205127,2531.869916354204,1920.7608642578125,0.0001628457123956,0.0097067505,-600.7619018554688,99.41627502441406,-15.937444686889648,27.41211700439453,9.055425643920898,9.006077766418457,-7.93336820602417,-7.407654762268066,8.362141609191895,-7.739116668701172,-6.7610015869140625,-3.4083197116851807,-6.634500026702881
56,0,anger,0,57,2115.1743003945176,2221.08996421357,1577.0474853515625,8.51322315387229e-05,0.007317446,-615.19970703125,130.1991729736328,-5.22635555267334,17.828502655029297,-0.9594277739524841,-7.908946514129639,-2.3621418476104736,-3.1914479732513428,-6.781035423278809,-8.993108749389648,-7.32977294921875,-14.735876083374023,-6.632447242736816
57,0,anger,0,58,5742.688500139712,4015.50038672778,1845.3525390625,0.0001728990824733,0.0076471292,-632.7860107421875,69.42645263671875,-12.861684799194336,27.62689971923828,12.415223121643066,1.4653918743133545,-7.59037971496582,-3.096909284591675,1.5510315895080566,-2.5411038398742676,-5.208016395568848,-6.321547508239746,-2.52323317527771
58,0,anger,0,59,3347.6608886066306,2666.484394555745,1555.4368896484375,0.0001117096715657,0.0075371237,-618.2399291992188,86.8880844116211,-21.664546966552734,3.7506158351898193,-12.606294631958008,-14.081552505493164,-9.390357971191406,-5.753162860870361,-11.595345497131348,-10.91352367401123,-3.543301582336426,-2.8728835582733154,-1.412763237953186
59,0,anger,0,60,2558.400949966266,2654.97579085298,1735.9984130859375,0.000137813689672,0.008620636,-514.1489868164062,138.69996643066406,-47.071998596191406,9.071883201599121,-17.6177978515625,-4.499201774597168,-6.61725378036499,-1.8464150428771973,0.199030801653862,-17.23525047302246,-2.415313243865967,3.079545021057129,-1.2597789764404297
61,0,anger,0,62,2928.776790109416,2594.1002429561986,1614.1934814453125,0.0001576279383554,0.009537602,-574.2841796875,113.99301147460938,-16.03899383544922,25.677907943725586,-4.49692440032959,8.384077072143555,-5.374488830566406,-6.992753505706787,-6.187005043029785,-9.212982177734375,3.678614616394043,-6.197221279144287,0.722902238368988
62,0,anger,0,63,3642.457169708454,3171.5851494596363,1768.9091796875,0.0001382260979768,0.0077701355,-623.9769287109375,76.63261413574219,-15.427295684814453,6.722099304199219,0.9338972568511963,-9.276878356933594,-14.387487411499023,-5.654168128967285,-7.607453346252441,-10.653825759887695,-2.2439651489257812,-4.347671985626221,-3.617462396621704
63,0,anger,0,64,2624.42321630614,2278.8359131586726,1795.447509765625,0.0002994444673795,0.013431732,-552.7460327148438,121.63275909423828,-20.20781135559082,26.288597106933594,8.691709518432617,-0.09408821165561676,-15.268939018249512,-7.926826477050781,-6.877871990203857,-2.8990981578826904,-3.0324552059173584,-10.200284004211426,-8.950027465820312
64,0,anger,0,65,2939.96288818098,2514.5148946254067,1528.231689453125,0.00147280856212,0.028864387,-451.8947448730469,112.94308471679688,-28.895065307617188,9.255953788757324,-4.541736602783203,-6.987776756286621,-6.84368371963501,10.61982250213623,3.5522539615631104,0.37953802943229675,-1.213569164276123,4.29569149017334,5.592868328094482
65,0,disgust,0,66,1409.1397219424832,1392.73477236217,1286.37060546875,4.024621583183727e-05,0.0038605172,-643.104736328125,87.99048614501953,21.01827621459961,33.0972900390625,24.66790771484375,13.30207633972168,5.155072212219238,-7.655346393585205,-2.9333252906799316,-2.2639570236206055,-4.467717170715332,-6.19338321685791,-10.946097373962402
69,0,disgust,0,70,1236.4602727548772,1450.593698899576,1030.2567138671875,0.0001263897412448,0.007224219,-567.1207885742188,90.99911499023438,32.282962799072266,29.539350509643555,12.22586727142334,8.558364868164062,4.088253498077393,-0.6052601337432861,0.711462676525116,-0.19028350710868835,-6.09084939956665,-2.5703392028808594,-3.499479055404663
70,0,disgust,0,71,1562.195832320153,1340.0357675774042,1678.728515625,9.49123463073334e-05,0.007317224,-551.753173828125,97.65530395507812,23.83063507080078,33.795433044433594,18.201032638549805,5.732268333435059,4.85412073135376,-3.043458938598633,3.630960702896118,-3.237081289291382,-6.232390403747559,-2.4834227561950684,-9.985357284545898
71,0,disgust,0,72,1319.6622507722868,1547.390938422839,1439.124755859375,1.9642632452307745e-05,0.0033887024,-598.16845703125,97.40896606445312,55.28472900390625,44.66880798339844,26.47211265563965,2.690086841583252,0.42780283093452454,2.0778608322143555,-3.2891170978546143,-0.22616931796073914,-4.335672855377197,-1.8836032152175903,-4.573169231414795
72,0,disgust,0,73,1983.558085143873,1292.272448935993,1270.0484619140625,0.000191068341411,0.009599019,-511.3480224609375,69.29479217529297,25.674991607666016,29.998458862304688,2.8582065105438232,3.8079397678375244,3.2346668243408203,-4.729825019836426,-1.872590184211731,-1.3348921537399292,0.15990936756134033,-1.221002459526062,-3.7615106105804443
74,0,disgust,0,75,1233.5186879599823,1433.697042667643,985.0577392578124,2.7942061270739463e-05,0.0038563819,-595.3577270507812,102.16741943359375,31.84524154663086,40.29114532470703,18.173803329467773,16.472408294677734,-1.9992374181747437,-2.945159435272217,2.9129679203033447,2.737461566925049,-7.452120780944824,-7.399244785308838,2.5035560131073
76,0,disgust,0,77,1396.0735500822968,1707.3990045660598,1020.3845825195312,0.0002215127368677,0.006774957,-590.5550537109375,69.16341400146484,40.3397216796875,51.4239501953125,22.33729362487793,-0.9195277094841003,-1.6146363019943237,4.42488431930542,3.608036756515503,0.6043456196784973,-3.4325754642486572,1.9688912630081177,-4.983648777008057
78,0,disgust,0,79,3007.169327653184,2910.9591301603587,1646.1337890625,0.0001867645075681,0.009039629,-578.3758544921875,99.03702545166016,-4.345922946929932,32.28097915649414,7.747820854187012,6.514810085296631,-6.9268293380737305,-7.640122413635254,-8.174448013305664,-8.99167251586914,-0.3723718523979187,-3.5617446899414062,0.40341809391975403
79,0,disgust,0,80,1267.1691367557517,1808.512815600521,593.1331176757812,3.336538135051444e-05,0.0038038546,-625.9164428710938,95.3728256225586,50.1297721862793,38.62329864501953,21.43994140625,12.809211730957031,0.3883041441440582,-3.052614688873291,0.40997061133384705,2.3263399600982666,-2.775991678237915,-8.859646797180176,-4.402649879455566
80,0,disgust,0,81,2615.994072430775,2798.0290579099537,1447.4161376953125,0.0002654072993007,0.011657979,-556.6624755859375,107.44446563720703,-2.449256658554077,37.7799186706543,-6.188137531280518,-0.04230184108018875,-4.865583896636963,-2.438990592956543,-8.287026405334473,-21.593358993530273,-3.6627814769744873,2.3982162475585938,-1.9749928712844849
81,0,disgust,0,82,1353.2646971136066,1572.3768604164347,1268.4376220703125,0.0002074946001205,0.010023279,-523.0496215820312,62.179656982421875,38.82586669921875,45.98957824707031,22.55072021484375,1.9039061069488525,5.157225131988525,2.5089597702026367,-0.7711231708526611,-3.33760666847229,-5.982508659362793,-4.138083457946777,-6.572837829589844
83,0,disgust,0,84,1550.3316191018546,1587.5257647108624,985.2572021484376,5.797184286752612e-05,0.005156696,-560.312255859375,86.02616119384766,27.543140411376953,17.552785873413086,25.635536193847656,16.77975845336914,10.042574882507324,0.8198556303977966,0.14561589062213898,9.333290100097656,-3.8455190658569336,-5.420421123504639,-9.733012199401855
85,0,disgust,0,86,1463.460979000688,1570.819234008376,1125.3634033203125,6.401268914386091e-05,0.004873161,-612.2094116210938,85.41642761230469,38.4520378112793,62.84428024291992,26.552087783813477,0.7589272856712341,2.017557144165039,-0.4485434889793396,-1.4389554262161255,2.7852299213409424,-5.3302812576293945,-6.048234462738037,-5.014405250549316
87,0,disgust,0,88,3586.718149800477,2872.233931067219,1658.1639404296875,0.0003494313246293,0.01230677,-590.3096313476562,94.80894470214844,-6.690721035003662,36.3773193359375,7.012740612030029,1.542837142944336,-8.788704872131348,4.81396484375,-4.764910697937012,-12.236398696899414,-9.50851058959961,-9.756529808044434,-8.59991455078125
88,0,disgust,0,89,3625.332431362422,3114.2751861527117,1621.1060791015625,0.0001542030803434,0.007963034,-638.416259765625,93.13102722167969,-4.154376029968262,6.288140773773193,9.113828659057617,1.2287639379501343,-9.016863822937012,-6.932744979858398,-2.148427963256836,-5.445615291595459,-6.1146368980407715,-4.567921161651611,0.36953598260879517
89,0,disgust,0,90,12095.217421243206,3676.641666234029,0.0,0.0541073828935623,0.10072306,-237.862060546875,-19.70862579345703,35.54249572753906,-20.1483154296875,-9.334732055664062,-40.13507080078125,1.0802861452102661,-16.515766143798828,-0.11413206160068512,-4.248591899871826,0.11708015203475952,-7.475415229797363,14.440141677856445
91,0,disgust,0,92,1895.2174573913344,1487.5233367889073,1568.0321044921875,0.0010360033970705,0.014935351,-504.3704528808594,59.99686813354492,29.045772552490234,25.694076538085938,-3.7414567470550537,1.9213671684265137,1.7654576301574707,-5.908203125,-2.2351386547088623,-3.7640380859375,0.1952609270811081,0.8154230713844299,-3.6731033325195312
93,0,disgust,0,94,1533.7548296645862,1754.4126722476904,969.8822021484376,8.535061072194779e-05,0.0052905986,-597.4423828125,83.2612533569336,39.40896987915039,33.58301544189453,18.87053871154785,6.359543800354004,2.6034862995147705,4.2204766273498535,11.706535339355469,-0.8532506227493286,0.3314584493637085,-3.4628868103027344,-5.615024566650391
94,0,disgust,0,95,1797.4085533868645,2117.0013464584595,1333.0985107421875,8.686395840479408e-05,0.007471007,-594.2250366210938,156.607177734375,-12.892715454101562,8.83505916595459,-2.576572895050049,4.351711273193359,-9.903186798095703,-14.985003471374512,-6.041577339172363,-12.043503761291504,-6.6900458335876465,-3.53664493560791,-4.085615158081055
95,0,disgust,0,96,3247.2142480691477,2869.142836284848,1523.73046875,6.003642623762379e-05,0.0057507986,-598.1358642578125,126.98336029052734,-29.128210067749023,12.34445858001709,-11.387666702270508,-3.75166654586792,-9.836018562316895,-6.285842418670654,-8.394462585449219,-11.116390228271484,-3.024989604949951,1.120337724685669,2.756195306777954
96,0,disgust,0,97,3669.727502370313,2598.103321730232,1903.55126953125,0.0002402966441948,0.010586695,-587.9562377929688,84.38544464111328,-26.988967895507812,28.928016662597656,5.803532123565674,11.725059509277344,-2.637587308883667,-8.607332229614258,-0.7497371435165405,-3.6519346237182617,3.3670718669891357,-7.375234127044678,-6.949195861816406
98,0,disgust,0,99,3247.2142480691477,2869.142836284848,1523.73046875,6.003642623762379e-05,0.0057507986,-598.1358642578125,126.98336029052734,-29.128210067749023,12.34445858001709,-11.387666702270508,-3.75166654586792,-9.836018562316895,-6.285842418670654,-8.394462585449219,-11.116390228271484,-3.024989604949951,1.120337724685669,2.756195306777954
99,0,disgust,0,100,4561.847670445915,4038.67503597813,2030.8826904296875,2.464714703308832e-05,0.0029616917,-657.8139038085938,61.21040725708008,-14.895406723022461,35.85211181640625,-9.128769874572754,9.821982383728027,2.8418495655059814,11.18681812286377,7.154892444610596,3.9519598484039307,5.069958209991455,6.103320598602295,11.431143760681152
100,0,disgust,0,101,3166.68220025254,2609.320018094121,1779.592529296875,0.0002886476185827,0.012862722,-506.3201904296875,111.30000305175781,-40.61353302001953,22.952163696289062,-0.610493540763855,16.05294418334961,-7.755148887634277,5.062405586242676,-5.1927103996276855,-1.747457504272461,0.7059802412986755,-3.4355204105377197,3.2572553157806396
102,0,disgust,0,103,984.0795403444944,1300.8062210155506,738.0248413085938,5.708133786716987e-05,0.005262893,-592.873779296875,102.81571197509766,40.75693893432617,51.25518035888672,21.111066818237305,11.827607154846191,1.297019124031067,0.522360622882843,1.1206289529800415,0.9475947618484497,-9.965327262878418,-5.022387981414795,-2.308182954788208
103,0,disgust,0,104,2108.711424831417,1505.7422283650424,1425.334716796875,0.0001280857356726,0.007587922,-544.9382934570312,50.16850280761719,37.29059600830078,41.868648529052734,16.937210083007812,4.415314197540283,2.5735292434692383,-0.5422375798225403,4.561485767364502,-1.0588213205337524,-3.9186012744903564,0.7738649249076843,-4.19378137588501
105,0,disgust,0,106,1258.9236227409324,1661.9997261842584,1028.78662109375,7.655434971421848e-05,0.0045316312,-632.7540283203125,75.90828704833984,30.611581802368164,24.145946502685547,21.554113388061523,21.16390037536621,5.50438928604126,4.838561534881592,4.3126726150512695,4.897283554077148,0.6950334310531616,-2.971859931945801,-5.316008567810059
106,0,disgust,0,107,1375.9752766429583,1458.440360164631,1403.486572265625,0.001440535472008,0.018773168,-482.3360290527344,48.04972457885742,10.748459815979004,22.78106689453125,7.375401496887207,4.7672882080078125,3.2977845668792725,-3.206430196762085,1.1519536972045898,0.6768012642860413,1.9542495012283325,1.5990382432937622,-2.9130091667175293
107,0,disgust,0,108,1256.6188727398635,1476.503773770186,915.0618286132812,3.6557821885521245e-05,0.0037993172,-596.1991577148438,103.3761215209961,53.62746047973633,35.37792205810547,12.24653148651123,11.961816787719727,0.16784317791461945,-6.262111663818359,2.240577220916748,2.8594679832458496,-8.84268569946289,-5.977911472320557,-4.416151523590088
110,0,disgust,0,111,1279.9733475843675,1641.836413729046,882.8360595703125,3.13934936893317e-05,0.003892357,-616.0587158203125,99.88936614990234,41.87836837768555,41.93854904174805,15.87659740447998,16.903247833251953,13.479037284851074,-1.2015342712402344,1.7215496301651,-2.488119602203369,3.3066468238830566,-9.859842300415039,-5.060223579406738
112,0,disgust,0,113,1270.7004876565654,1446.1476502895268,971.8162231445312,3.868811840400667e-05,0.003990267,-594.5265502929688,104.61199951171875,38.85364532470703,32.787376403808594,16.255434036254883,14.734261512756348,4.7676310539245605,3.007502555847168,-0.8789473176002502,2.515768527984619,1.715013861656189,-7.713239669799805,-4.359217643737793
113,0,disgust,0,114,1425.6169209121135,1486.0588400905078,1046.80322265625,3.237541914606357e-05,0.004178962,-607.6594848632812,97.3562240600586,45.97995376586914,49.05683135986328,18.29110336303711,13.675403594970703,1.607222080230713,-1.202146291732788,-1.4701886177062988,0.8250449299812317,-3.939761161804199,-1.7988414764404297,-2.2718353271484375
114,0,disgust,0,115,1614.979445150129,1442.955427332178,1460.88232421875,0.0001124815387904,0.0064256373,-596.9421997070312,85.46542358398438,34.163902282714844,29.306467056274414,11.487853050231934,10.085593223571777,2.806065797805786,-5.254050254821777,5.513678073883057,5.947540760040283,-3.0510997772216797,-1.1359472274780273,-2.83284592628479
116,0,fear,0,117,1565.0369879711895,1745.3983054063049,1313.1676025390625,2.721303721412919e-05,0.003164016,-660.0529174804688,74.4347915649414,37.987396240234375,44.59724807739258,21.782840728759766,9.237154006958008,6.033694744110107,0.8104133009910583,6.7632269859313965,4.246700763702393,-2.233144760131836,0.07101327925920486,1.606590747833252
117,0,fear,0,118,3094.917094179233,2568.96455801547,1907.9798583984373,0.0002053903144121,0.011961328,-554.4237060546875,87.73602294921875,-37.79942321777344,35.54637145996094,-18.96241569519043,-26.009868621826172,-4.310390949249268,-2.0887277126312256,-18.505765914916992,-15.069202423095703,-6.797688961029053,-7.46671199798584,-4.388521671295166
118,0,fear,0,119,3471.6609543997206,3293.453825480688,1629.961181640625,4.253979163244804e-05,0.0045099645,-696.8387451171875,96.44158172607422,3.82651948928833,32.16246032714844,19.53911590576172,16.068891525268555,0.3160812258720398,6.635854721069336,9.479686737060547,-4.430850028991699,-6.642824649810791,-0.697658360004425,2.2226662635803223
120,0,fear,0,121,1434.5041693113803,1560.4469327801523,1347.7962646484375,0.0014248285578825,0.024540514,-426.2734375,60.79948806762695,23.256385803222656,20.698883056640625,13.968255996704102,1.900255560874939,-3.1681289672851562,-13.316509246826172,-2.286012887954712,5.895179748535156,-12.506773948669434,-0.3491017520427704,1.780989170074463
121,0,fear,0,122,1193.7888738133329,1479.3921690884436,1118.63427734375,0.0074978526093898,0.05018607,-390.4128723144531,43.98873519897461,14.148906707763672,13.899892807006836,3.207772731781006,0.5074695348739624,0.5447106957435608,-1.249068021774292,-2.8659541606903076,-1.3980711698532104,0.16916954517364502,-3.662594795227051,-7.084613800048828
122,0,fear,0,123,2076.8222777852616,1753.0772931193262,1402.5966796875,0.0140266914662752,0.08120531,-313.870361328125,28.054750442504883,4.7669291496276855,5.004330158233643,-0.3676382303237915,-17.93875503540039,-12.196844100952148,-5.572638988494873,-4.565763473510742,8.162527084350586,1.8275325298309326,12.184855461120605,-1.421049952507019
123,0,fear,0,124,1397.5316836949112,1396.88469656771,1123.364013671875,0.0015656032846559,0.02582504,-480.09197998046875,63.4111328125,29.18470001220703,34.92387008666992,7.4268083572387695,-4.153138637542725,-3.298121452331543,-0.02866109274327755,-5.500239849090576,-1.4823188781738281,-8.234333038330078,-6.177292823791504,-3.0812113285064697
124,0,fear,0,125,1242.8062590775346,1294.839279480613,1167.4549560546875,0.0001345910549312,0.008327085,-527.7285766601562,92.72312927246094,38.45851135253906,35.489864349365234,20.795059204101562,12.537322044372559,2.3974356651306152,-2.1823105812072754,3.2602972984313965,-2.3455991744995117,-8.462560653686523,-2.284698486328125,-6.2192158699035645
126,0,fear,0,127,2045.645273564448,1656.5366667857663,1325.9200439453125,0.0020944172575444,0.027246177,-462.4608154296875,28.672168731689453,8.735416412353516,22.366756439208984,2.4211411476135254,-7.641545295715332,-8.756378173828125,-1.1932319402694702,-5.111288547515869,-8.948534965515137,0.08903411030769348,-8.02230167388916,-6.827853202819824
127,0,fear,0,128,2966.633871046386,2766.194032822038,1483.43603515625,0.0002345251268642,0.011108644,-560.58447265625,115.38783264160156,-30.233003616333008,19.306663513183594,7.1556782722473145,7.378421306610107,-15.065938949584961,-9.063968658447266,0.7068918347358704,-8.481854438781738,-7.2701873779296875,-7.867103099822998,-7.606832981109619
128,0,fear,0,129,1347.0188209286016,1408.3593430661365,1079.4100341796875,0.0028031472895166,0.03474038,-416.8755187988281,62.99085998535156,5.903972148895264,21.61609649658203,10.175872802734375,10.252232551574707,-0.20369350910186768,-3.5799381732940674,0.9189790487289429,4.6909098625183105,-8.941145896911621,-4.478610992431641,-8.034163475036621
129,0,fear,0,130,1885.5543442752755,2150.3383983265894,1341.4874267578125,0.0003427625400631,0.015648322,-542.7648315429688,160.5210723876953,7.923017978668213,28.320568084716797,11.1278657913208,10.168949127197266,5.197088718414307,-3.2199866771698,-8.394349098205566,-7.739959239959717,0.04575125873088837,-11.648138046264648,-4.210958480834961
130,0,fear,0,131,1394.8859187356857,1511.200420782594,1101.987060546875,8.979774743351514e-05,0.005556468,-609.7781982421875,65.78431701660156,32.568809509277344,38.091304779052734,16.76764488220215,18.23341178894043,2.062136173248291,-2.7476511001586914,4.008548736572266,-10.667742729187012,-2.453897714614868,-14.912668228149414,-7.687613010406494
131,0,fear,0,132,1494.3104647197224,1663.3154029580965,1379.5533447265625,2.226841335577537e-05,0.0029019671,-638.957275390625,66.1195068359375,44.16572189331055,38.90106201171875,32.81250762939453,21.203275680541992,5.862954616546631,10.195721626281738,7.166773319244385,-6.229174613952637,-4.348700046539307,-6.1398773193359375,-7.041140556335449
133,0,fear,0,134,4051.43361264704,3066.978701829509,1639.47216796875,0.0009385908920716,0.020040488,-502.38360595703125,88.8624267578125,-24.428979873657227,20.671859741210938,-16.707197189331055,-13.80930233001709,1.3261936902999878,-11.42297077178955,-11.70451545715332,-4.781750679016113,-11.556291580200195,-12.349773406982422,-1.9049310684204102
134,0,fear,0,135,1601.514056398465,1414.991839947146,976.380615234375,0.0011462712036585,0.022286773,-455.146240234375,58.25922393798828,30.98036003112793,31.140918731689453,15.602226257324219,11.780922889709473,-2.0134809017181396,-4.190678119659424,4.637800216674805,-11.173632621765137,-6.547244071960449,-3.42337965965271,-3.5095465183258057
135,0,fear,0,136,3357.200864532661,2654.101267213466,1776.04541015625,5.766629037760959e-05,0.0052676327,-631.1602172851562,98.60774230957031,-23.594491958618164,16.000545501708984,8.841320037841797,2.7005162239074707,0.6198393702507019,1.9282768964767456,-4.3177409172058105,-8.816720962524414,-1.2991896867752075,-2.664444923400879,0.8045468926429749
138,0,fear,0,139,1476.7511876071055,1542.422453408447,1188.377197265625,0.0015985103258109,0.026800467,-421.6299133300781,55.04022216796875,11.874298095703125,23.323884963989258,2.4114508628845215,-4.989495277404785,-0.22580307722091675,-9.20823860168457,-3.4434382915496826,1.1396843194961548,-5.049729347229004,-5.412583827972412,-8.477487564086914
139,0,fear,0,140,15756.56448479093,6227.559607428868,1700.4742431640625,0.0483775436878204,0.09524069,-138.58323669433594,-36.132774353027344,32.06515884399414,-16.584758758544922,-11.141277313232422,-24.350324630737305,11.676551818847656,17.829227447509766,13.5007905960083,4.647716522216797,-10.976919174194336,0.5519607067108154,10.098522186279297
140,0,fear,0,141,1255.8568682124494,1732.832529671552,973.5597534179688,8.392266996137864e-06,0.0019477968,-631.9234008789062,123.8475112915039,45.62035369873047,19.573841094970703,17.570680618286133,4.733224391937256,17.82449722290039,-8.13166332244873,-6.377808094024658,6.138117790222168,-1.721173644065857,-7.0097479820251465,-3.338552236557007
141,0,fear,0,142,3698.410118971414,4169.892635790301,1359.1346435546875,0.0001636985886834,0.005942769,-649.68505859375,93.56543731689453,8.887578010559082,26.50601577758789,19.19735336303711,13.355379104614258,0.4248325526714325,-1.9747682809829712,-7.439062118530273,-4.1632184982299805,5.841197967529297,0.6050933003425598,-2.0143234729766846
143,0,fear,0,144,4061.7600128117087,2746.36862235568,2038.603759765625,0.0004897461329713,0.014041264,-576.0933837890625,48.815765380859375,-31.32207489013672,39.402809143066406,9.897765159606934,1.4412157535552979,-9.30421257019043,1.7354860305786133,9.561746597290039,0.9326420426368713,3.549182891845703,0.7742701172828674,-2.4947001934051514
144,0,fear,0,145,3418.0716781643937,2404.8817177343867,1624.8046875,0.0005609025193101,0.01856114,-495.645751953125,104.20104217529297,-19.64299964904785,27.447229385375977,-1.475784420967102,-0.17595505714416504,-6.159572601318359,-6.285129070281982,-13.880252838134766,-3.7803616523742676,1.994917631149292,0.6618977189064026,2.113736867904663
145,0,fear,0,146,3890.477566990274,3171.4997870073453,1810.0526123046875,0.0001501820941495,0.0081609655,-631.2843627929688,79.6541976928711,-3.435764789581299,17.338430404663086,5.8886637687683105,2.9149115085601807,-7.245291233062744,-5.145016193389893,-0.26157814264297485,-7.910341739654541,-1.7427854537963867,2.5091609954833984,-0.8834057450294495
146,0,fear,0,147,2378.0795426603327,1874.2437121302453,1386.1461181640625,0.0002275122356342,0.013228846,-568.191650390625,121.44400787353516,-9.804123878479004,33.772300720214844,3.8406479358673096,-13.249479293823242,-1.9807958602905273,3.1363883018493652,-6.4217448234558105,-5.648562431335449,3.2683258056640625,-1.725876808166504,0.5497018694877625
149,0,fear,0,150,1184.422857577649,1241.0429162446508,1086.9951171875,0.0002310422498699,0.011821237,-501.3966979980469,94.13341522216797,39.60544204711914,52.42513656616211,12.748088836669922,-10.642562866210938,-0.5190510153770447,-13.999797821044922,-5.32596492767334,2.799894094467163,-9.398200035095215,-4.413103103637695,-6.258970260620117
150,0,fear,0,151,2612.812990809741,2543.035504606117,1422.6298828125,0.0001920364474777,0.011173108,-529.3983154296875,133.78038024902344,-32.04002380371094,14.437514305114746,-4.733913898468018,-1.2375773191452026,-25.78407096862793,-1.6332930326461792,-10.3084716796875,-16.833520889282227,-3.8352324962615967,-7.152124881744385,-4.181799411773682
151,0,fear,0,152,3557.941411085395,2879.1901368385134,1797.428955078125,0.0001163193642593,0.00717628,-607.2550048828125,85.77974700927734,-14.344623565673828,24.89706039428711,5.728201389312744,16.51080894470215,-6.942760944366455,0.6446847319602966,-0.4147182106971741,-6.292917728424072,2.9601848125457764,1.529576301574707,3.697392702102661
153,0,fear,0,154,2428.464031398096,2165.940847730914,1639.7806396484375,0.0009489805647193,0.024397342,-493.4837341308594,121.8118896484375,-7.394358158111572,23.432584762573242,-0.6349939107894897,-2.0225298404693604,-6.8241963386535645,-14.655614852905273,-12.556476593017578,-4.173752784729004,-7.722588539123535,-5.806426525115967,3.750546932220459
154,0,fear,0,155,2961.0118235173063,2392.9283350696555,1676.1240234375,0.0001366154275495,0.009009613,-585.8944702148438,119.92449188232422,-27.738096237182617,18.662696838378906,2.5463030338287354,-6.496528625488281,-3.5161290168762207,5.567377090454102,-2.113072156906128,-14.67237663269043,-1.8663549423217773,-1.2311598062515259,-6.624760150909424
155,0,fear,0,156,1472.1300830792106,1380.0567664110345,1147.04248046875,0.0003568360974619,0.013022353,-496.71136474609375,82.72166442871094,48.88528823852539,26.974327087402344,-2.83095645904541,1.7376247644424438,5.894722938537598,-5.103355884552002,4.711743354797363,1.3832494020462036,-3.8833696842193604,-1.301762580871582,-2.2933366298675537
156,0,fear,0,157,1363.6558066993143,1375.0663941110663,798.9417724609375,0.0004261751517274,0.014160295,-494.42926025390625,75.66036987304688,31.27828025817871,33.587982177734375,13.123598098754883,4.406464576721191,1.7679227590560913,-3.3444740772247314,-2.792914628982544,-3.2378578186035156,-1.6621545553207397,-4.8863525390625,-5.389497756958008
157,0,fear,0,158,1112.6687911771369,1300.350888138956,1490.1832275390625,0.0009563413326564,0.01682705,-477.13482666015625,44.1878662109375,25.039640426635742,40.492610931396484,5.024918556213379,3.685715436935425,4.3251118659973145,-2.484816312789917,-3.8724002838134766,3.3483498096466064,-1.1195194721221924,-7.469828128814697,-8.427942276000977
158,0,fear,0,159,9957.042937809289,6003.421323598773,2559.6787109375,0.2240718735588921,0.34646156,7.859617710113525,-24.24151611328125,-12.192558288574219,10.176152229309082,2.0013153553009033,-11.963470458984375,9.06814956665039,17.593778610229492,0.7180395126342773,-7.884284973144531,-8.207785606384277,11.899116516113281,2.5997698307037354
160,0,fear,0,161,6457.556390164353,4232.605888378781,1729.497802734375,0.0001147658075984,0.00657562,-605.48828125,29.526308059692383,-1.0454685688018799,29.293912887573242,-21.918039321899414,7.337325572967529,-19.911916732788086,-6.450757026672363,-6.47088098526001,-9.912696838378906,-7.691840171813965,-4.869083404541016,0.4045830965042114
161,0,fear,0,162,4047.624084799232,3026.8043721130434,1929.338134765625,0.000286371580192,0.0128486715,-549.5731201171875,66.09648895263672,-28.429807662963867,32.568180084228516,-14.916449546813965,3.9744865894317627,-13.056565284729004,-10.184409141540527,-8.633416175842285,-12.298237800598145,1.4836525917053223,5.060648441314697,7.378433704376221
162,0,fear,0,163,1579.287637922061,1977.5077922721248,958.0798950195312,8.892152155728446e-05,0.006107145,-577.927490234375,78.72357940673828,56.51044464111328,33.207801818847656,23.620647430419922,22.544137954711914,13.094487190246582,-0.987128734588623,0.23337209224700928,-3.598123550415039,-5.243438243865967,-2.120574712753296,-10.338446617126465
163,0,fear,0,164,1402.8013450659755,1540.9048050023634,1429.0103759765625,0.0003793833124535,0.011960861,-532.5118408203125,62.11945343017578,25.499576568603516,26.40420150756836,18.10613441467285,6.701500415802002,8.858620643615723,6.627117156982422,1.936942458152771,-3.499354839324951,-4.706075668334961,-2.423314332962036,-4.725150108337402
165,0,fear,0,166,8527.678866682108,4626.960084068734,2159.66259765625,0.0530209491650263,0.09970671,-56.83591842651367,-10.908596992492676,15.916728973388672,-2.1191461086273193,-2.399465560913086,-18.754484176635742,-8.876544952392578,8.0216064453125,12.093635559082031,11.83061695098877,-4.060060501098633,-13.511358261108398,-10.056707382202148
166,0,fear,0,167,1201.501700336962,1308.293389825286,1408.4630126953125,7.136600667427064e-05,0.005257114,-592.6962890625,83.98715209960938,39.82865524291992,45.380191802978516,26.540632247924805,16.08222007751465,10.35315990447998,4.7613654136657715,-1.312148928642273,-5.120473861694336,-2.528218984603882,-5.89628791809082,-10.189531326293945
168,0,fear,0,169,1416.0940875983451,1512.0236990597057,1284.1676025390625,0.0001432722543051,0.0070868917,-582.8726196289062,56.997745513916016,34.7120475769043,41.82583999633789,21.730255126953125,15.887904167175293,11.153534889221191,-0.9324061274528503,1.4467848539352417,-2.1708319187164307,-6.477798938751221,-4.297842979431152,-9.623271942138672
169,0,fear,0,170,5327.139589069037,4677.872599832786,1882.2950439453125,0.0003316647940215,0.008530632,-614.7554321289062,41.37215805053711,-20.97740936279297,2.6005234718322754,-1.6984071731567383,11.306036949157715,-4.577997207641602,-0.36123141646385193,7.167531490325928,1.8422610759735107,5.0427165031433105,1.0041035413742065,1.114542007446289
171,0,fear,0,172,1556.610048641004,1527.172767346543,1461.701904296875,0.0022597042859767,0.0285873,-448.54425048828125,41.398353576660156,19.427074432373047,25.541093826293945,5.545270919799805,-1.3549295663833618,-0.2694757580757141,-4.328161239624023,0.5708941221237183,-2.4100918769836426,-8.931173324584961,-4.647790431976318,-9.574655532836914
234,0,sadness,0,235,4675.187450867255,3788.08708799304,1835.4906005859373,0.0001163735762973,0.005237678,-654.4155883789062,49.943748474121094,-2.3431265354156494,16.922887802124023,10.451021194458008,6.373706817626953,1.1749534606933594,-4.9601850509643555,-1.52315092086792,-2.009542465209961,-0.08572308719158173,-0.15934795141220093,-1.2203246355056763
235,0,sadness,0,236,6126.501724676159,4322.319607352719,1729.586181640625,2.2859058787559604e-05,0.0025902514,-700.2559204101562,41.35124588012695,-8.945358276367188,10.35267448425293,-3.762770652770996,-0.38053423166275024,-2.83444881439209,2.870060682296753,-4.934417247772217,-9.672849655151367,2.292635440826416,0.001499583711847663,-3.078986406326294
236,0,sadness,0,237,3383.809838822789,3435.204937635816,1779.7755126953125,4.266171332372624e-05,0.0037986746,-680.7147827148438,82.65760803222656,4.309353351593018,18.863035202026367,13.29314136505127,6.798093795776367,0.3291694223880768,-1.9140639305114746,-2.814436435699463,-5.091017723083496,-1.0561037063598633,-3.3790018558502197,-4.315877437591553
238,0,sadness,0,239,5841.862787616313,3612.864353821092,1927.38623046875,0.000125504243389,0.008133646,-596.454833984375,50.881263732910156,-31.716947555541992,37.817604064941406,-20.103078842163086,13.956957817077637,-2.342170000076294,-10.218557357788086,-19.956401824951172,-17.875680923461914,2.3400895595550537,-3.2952988147735596,-3.9701969623565674
240,0,sadness,0,241,5671.585601745579,3679.451888790549,1359.5155029296875,0.0003876348142757,0.012216914,-623.7750244140625,68.9208755493164,7.6116719245910645,24.32205581665039,10.788500785827637,10.196630477905273,3.0576655864715576,-2.6422436237335205,-0.9354923367500305,-4.841228008270264,-0.29001501202583313,-3.496295213699341,-8.538337707519531
244,0,sadness,0,245,4032.494832086078,3509.57327115768,1996.6607666015625,5.4513844528527925e-05,0.0046771364,-652.3919067382812,55.54535675048828,-25.13127899169922,19.414873123168945,-5.392898082733154,4.610994338989258,-2.1296753883361816,0.2713831663131714,0.5443622469902039,-4.293111801147461,-5.0792107582092285,-5.215961456298828,-5.557277202606201
247,0,sadness,0,248,3527.7166106062987,3333.3687460321307,1649.23828125,0.0003064662070749,0.010473686,-574.260498046875,86.05224609375,-0.22051206231117249,38.40519332885742,20.219444274902344,7.651061534881592,7.553097724914551,9.73072338104248,3.9153213500976562,1.5014064311981201,0.3668915033340454,1.7173303365707397,1.8323488235473633
248,0,sadness,0,249,4185.566360440847,3475.999230545478,1482.732177734375,0.0004290531935873,0.012072684,-567.9887084960938,62.6964225769043,-21.236364364624023,-8.533879280090332,-18.044851303100586,-15.830912590026855,-4.429465293884277,-4.790377616882324,-9.100447654724121,-9.652599334716797,-5.80774450302124,-5.267530918121338,-5.482285499572754
249,0,sadness,0,250,5964.328933714452,5284.696565291743,1728.990234375,4.278783616130358e-06,0.001008989,-801.9609985351562,38.487510681152344,-2.076763868331909,28.392921447753906,13.18970775604248,15.034504890441895,14.658041000366211,2.120245933532715,2.6725234985351562,-3.646620512008667,-4.750555992126465,-0.023129114881157875,-5.633505344390869
250,0,sadness,0,251,3505.3524903857287,2752.579650103401,1801.8006591796875,0.0004818791601196,0.013377754,-574.0310668945312,54.59276580810547,-23.898048400878906,7.387545108795166,-2.0987765789031982,-14.976786613464355,-22.024229049682617,-14.862507820129395,-7.543357849121094,-8.809720039367676,-5.718395709991455,-3.8854095935821533,-1.1569197177886963
251,0,sadness,0,252,3332.9960528281654,2988.0505175019675,1602.1044921875,0.0002230300600566,0.009698684,-622.2825317382812,77.12235260009766,8.661931037902832,24.000276565551758,14.616219520568848,18.794309616088867,-2.779681921005249,14.434476852416992,6.038990497589111,0.5761986970901489,-1.6527246236801147,1.5965262651443481,2.977339744567871
252,0,sadness,0,253,5648.062873849025,3874.626870065934,1589.704345703125,3.4015073147354194e-05,0.0036330922,-713.5266723632812,60.18907165527344,-11.684496879577637,12.28535270690918,-3.110292673110962,2.9802379608154297,-8.460582733154297,-5.0876078605651855,-9.917749404907227,-9.523724555969238,-3.5668318271636963,-4.102880954742432,-3.239490032196045
253,0,sadness,0,254,2720.8108758766675,2696.4790697221747,1649.5771484375,0.0002452407896196,0.009829252,-580.3706665039062,82.6715087890625,-2.763307809829712,21.026927947998047,12.828368186950684,11.432327270507812,-0.8426005840301514,0.13367107510566711,-1.963409423828125,-9.274985313415527,-6.3904314041137695,-2.9302594661712646,-3.5269055366516113
254,0,sadness,0,255,4259.31610775945,2927.600545557749,1837.4600830078125,8.361822620890108e-05,0.0065972386,-614.0054321289062,67.69979095458984,-21.028146743774414,9.588113784790039,-0.9222025275230408,-4.359133243560791,-20.40226173400879,-9.435261726379395,-10.041911125183105,-14.46589183807373,-10.863858222961426,-8.795846939086914,-5.167344570159912
255,0,sadness,0,256,2974.7847732863524,2552.245212289401,1819.546630859375,0.0002411285246019,0.011866867,-598.7351684570312,100.02874755859375,-7.034501075744629,17.880537033081055,-6.3636040687561035,-3.429253101348877,-11.82166862487793,-7.703119277954102,4.115620136260986,-8.936579704284668,-2.6734368801116943,-0.6278993487358093,-2.550567150115967
256,0,sadness,0,257,3653.3476420832862,3230.511302391501,1664.3865966796875,1.992988495194182e-05,0.0032889773,-694.4996337890625,104.30535888671875,-12.996810913085938,15.572056770324707,2.9614269733428955,-5.72234582901001,-12.386143684387207,-11.397570610046387,-1.040931224822998,-7.898891925811768,-8.218972206115723,-2.8317532539367676,-0.7802699208259583
257,0,sadness,0,258,3295.782773096942,3215.8454375163315,1662.0155029296875,9.026157577540248e-05,0.0064440565,-643.0043334960938,83.20279693603516,-0.7077158689498901,18.356128692626953,2.197981119155884,-0.5445535778999329,-12.454452514648438,-5.520750045776367,-6.815115451812744,-11.723368644714355,-2.8835091590881348,-5.17234468460083,-5.029922962188721
258,0,sadness,0,259,3676.895207418467,2837.12188300207,1625.3499755859375,0.0008282617799306,0.020274108,-521.4177856445312,72.55750274658203,-21.91792106628418,18.164785385131836,-5.974931240081787,2.219902753829956,-5.275200366973877,-8.869526863098145,-7.232875347137451,-16.42171859741211,-11.73602294921875,-5.461036205291748,-9.357044219970703
259,0,sadness,0,260,4217.586389642887,3256.5308712436345,1918.7933349609373,1.9985892367167552e-05,0.0030023102,-710.5696411132812,90.35682678222656,-22.351009368896484,33.7917594909668,15.619029998779297,-1.5201034545898438,-11.241612434387207,-16.282493591308594,4.006676197052002,8.328384399414062,-5.7082839012146,-0.13158681988716125,2.2748823165893555
260,0,sadness,0,261,2191.201283685793,1795.5424204403623,1733.35009765625,0.0001864439029484,0.012000937,-584.276611328125,103.33354949951172,-20.387399673461914,22.806283950805664,7.525370121002197,-2.8296406269073486,-14.067200660705566,-14.255093574523926,-4.809996604919434,-13.226261138916016,-13.319814682006836,-9.665319442749023,-4.487074375152588
262,0,sadness,0,263,3826.082279393956,3397.9369920989484,1534.50146484375,3.7526642834698713e-05,0.0040149423,-669.792236328125,65.84764862060547,-3.8032050132751465,11.073038101196289,-8.854758262634277,-1.199038028717041,3.8776488304138184,-11.945566177368164,-6.312495708465576,-4.5239715576171875,-9.882628440856934,-6.984801769256592,-2.0952043533325195
263,0,sadness,0,264,5804.683757567545,4874.23593941753,1926.7677001953125,1.6929294825854777e-05,0.0022381644,-736.2244873046875,35.299190521240234,-11.628063201904297,26.93781280517578,6.290055274963379,9.889433860778809,-2.1557977199554443,-7.2095465660095215,-0.6412916779518127,-3.324615955352783,3.3793015480041504,-4.960151195526123,-6.769328594207764
264,0,sadness,0,265,2484.1213840482037,2468.45156469275,1291.2520751953125,0.0014065791393684,0.02782163,-518.0248413085938,126.33897399902344,8.061552047729492,16.440895080566406,6.839535713195801,5.00459098815918,1.9399296045303345,-4.8949785232543945,-6.747433662414551,-3.683250904083252,-3.827198028564453,-4.088881015777588,-2.346916675567627
265,0,sadness,0,266,5181.229061038443,3634.14629772897,1851.685791015625,8.339588256443248e-05,0.005478428,-690.8641967773438,59.95415115356445,-24.044137954711914,18.004281997680664,1.0943087339401245,-1.378701090812683,-13.339000701904297,-11.935056686401367,-0.05533170327544212,-7.578876495361328,-9.504926681518555,-0.20437657833099365,1.5617976188659668
268,0,sadness,0,269,5727.457375582477,4001.746880750503,1715.83642578125,6.005988978969084e-05,0.0044732066,-664.3809204101562,65.43617248535156,-6.32861328125,16.62944221496582,4.639404773712158,13.14666748046875,-0.668691098690033,-5.256931781768799,-4.025565147399902,-10.61949348449707,-8.460991859436035,-5.405590534210205,3.5820610523223877
269,0,sadness,0,270,4058.0318504800207,3379.3356432566425,1880.5142822265625,7.809398428236952e-05,0.0051217386,-651.3894653320312,61.98855209350586,-12.8094482421875,17.741056442260742,7.626625061035156,-0.9068194627761841,-3.9365506172180176,-5.372574806213379,-11.237748146057129,-13.81550121307373,-9.737957954406738,-7.358951091766357,-7.864150047302246
270,0,sadness,0,271,3391.8481056701567,3121.752918384302,1759.4842529296875,7.222622563282922e-05,0.0061345752,-641.8031616210938,99.80921936035156,-2.7975549697875977,32.89692306518555,17.573444366455078,12.555603981018066,2.3000118732452393,-0.5552836656570435,-3.357572317123413,-3.1750292778015137,-0.6914026737213135,-5.731201171875,-3.1629390716552734
272,0,sadness,0,273,4134.479135756178,3466.108423822638,1723.943115234375,8.56430884389447e-05,0.006046471,-681.2738037109375,74.7867431640625,-12.850936889648438,8.609366416931152,4.6035027503967285,0.48239070177078247,-9.706616401672363,-1.3983718156814575,0.4106089174747467,-6.4491496086120605,-0.5109020471572876,-1.5705642700195312,-6.759081840515137
274,0,sadness,0,275,3929.64995202274,3243.845251080193,1644.5809326171875,0.0001091828660661,0.0065488787,-650.039794921875,80.84069061279297,-9.3630952835083,10.780619621276855,2.794955253601074,1.929374098777771,-6.9829254150390625,-5.171067714691162,-6.865988731384277,-4.925181865692139,-2.0203044414520264,-3.596926689147949,5.456854343414307
275,0,sadness,0,276,2817.092695632689,2350.873048453024,1607.0880126953125,0.0002037663825014,0.010599862,-594.6603393554688,87.53694915771484,2.64709734916687,22.994583129882812,6.001455783843994,10.309972763061523,0.5182616114616394,-0.315862774848938,-9.91549015045166,-6.0871806144714355,-3.611825942993164,-7.132566452026367,-5.08786678314209
276,0,sadness,0,277,3595.1441898972853,2650.1708470148924,1656.050048828125,0.0007534398994355,0.02036463,-514.4764404296875,77.76058197021484,-27.717060089111328,15.749496459960938,-5.293816089630127,-0.6824020743370056,-8.077799797058105,-13.31702995300293,-11.989386558532715,-17.465290069580078,-13.364877700805664,-5.217113494873047,-10.073161125183105
277,0,sadness,0,278,4850.635624957795,4269.484721114333,1468.5638427734375,0.0008339290977944,0.0122629125,-528.5055541992188,56.22508239746094,17.633817672729492,31.551570892333984,11.804977416992188,7.874063014984131,-0.9786975979804993,9.700653076171875,2.8499629497528076,2.189070463180542,0.5040420889854431,1.2269880771636963,-1.757414698600769
278,0,sadness,0,279,2685.589109910152,2186.4750538098588,1717.09619140625,0.0009766122417509,0.022500725,-515.98388671875,114.64515686035156,-1.360741138458252,34.2585334777832,17.98857879638672,-1.7849856615066528,-13.517447471618652,-8.20366382598877,-1.2337148189544678,-5.495832920074463,-2.9745590686798096,-0.4461623430252075,-5.953481674194336
279,0,sadness,0,280,4213.495358243717,3367.754731411599,1636.5709228515625,0.0001806939290098,0.008852756,-632.0389404296875,87.81075286865234,1.387223720550537,21.674930572509766,10.028570175170898,12.589340209960938,-6.175952911376953,-2.939631938934326,-4.403446674346924,-9.308422088623047,-6.648506164550781,-8.771271705627441,-2.3127195835113525
280,0,sadness,0,281,5264.489172537383,3598.2384424717397,1785.5108642578125,0.000204859745749,0.009196094,-638.6841430664062,71.18009948730469,10.787885665893555,24.154979705810547,10.75397777557373,9.050989151000977,1.9854437112808228,-1.3322216272354126,-6.7998270988464355,-2.2062363624572754,-1.1614443063735962,-7.244325160980225,-4.222987651824951
281,0,sadness,0,282,3326.2635619985545,2763.0888114978698,2029.604736328125,0.0001018263695776,0.006901463,-613.5372314453125,63.73101043701172,-8.672294616699219,39.21564483642578,3.3486549854278564,7.48549222946167,1.8709999322891235,0.6731696724891663,-1.8557878732681274,-3.3364803791046143,-0.6138039231300354,-1.1595826148986816,1.7611658573150635
282,0,sadness,0,283,6965.739409521242,4864.977934659756,1684.510009765625,8.946482576566962e-05,0.004612243,-695.2298583984375,43.82217788696289,-7.6290082931518555,13.859786033630371,1.8117635250091553,1.5555145740509033,-3.143817186355591,-1.2600033283233643,-0.3092269003391266,-6.577713966369629,-3.551870107650757,-3.3805060386657715,-3.9673526287078857
283,0,sadness,0,284,3732.393534804417,3883.029077478095,1516.5107421875,0.0001469218290248,0.007532137,-630.7164916992188,82.6691665649414,-1.1581321954727173,27.004247665405273,8.646563529968262,7.677857875823975,3.604804039001465,2.2115023136138916,-3.0613322257995605,5.249197483062744,8.674139022827148,-2.6862452030181885,3.1565628051757812
284,0,sadness,0,285,5835.294578285061,4239.172111415001,2189.810791015625,5.844751854297246e-05,0.0034672045,-648.6493530273438,26.068891525268555,-5.312808036804199,10.61114501953125,-1.2975267171859741,0.9422060251235962,0.8370552062988281,-3.2574381828308105,-5.139406681060791,-6.075457572937012,-5.801812171936035,-6.5634765625,-4.911701679229736
285,0,sadness,0,286,6525.567206730879,4214.564602376208,1638.2454833984375,0.0001520236704594,0.006518959,-664.3956909179688,58.413230895996094,-7.692173004150391,8.979120254516602,6.769028186798096,-2.5822834968566895,-9.216904640197754,-4.1312432289123535,-0.7329025864601135,-7.632283687591553,-2.8785243034362793,0.3394162058830261,-0.9188231825828552
287,0,sadness,0,288,6102.436962656731,4372.997498220942,1998.897705078125,6.669795089823576e-05,0.004324577,-676.7992553710938,44.62247085571289,-11.047780990600586,17.176679611206055,-0.7524011731147766,4.896244049072266,-3.4845330715179443,-2.2837860584259033,-5.968647480010986,1.124330759048462,1.9387072324752808,-3.0549144744873047,0.6156272888183594
290,0,sadness,0,291,5938.913947823921,3757.338857567907,1858.33544921875,0.000136633189891,0.00688124,-645.4942626953125,66.9461669921875,-3.2334916591644287,18.824851989746094,6.234945297241211,7.643340587615967,-3.4618771076202393,-2.503744602203369,2.2600362300872803,-3.1182706356048584,-3.3586905002593994,-2.42775559425354,-0.6649131178855896
291,0,sadness,0,292,2507.634117632933,2624.2930944876275,1521.1185302734375,0.0001823584575475,0.00935072,-580.2708740234375,106.8420639038086,-2.4368720054626465,32.597171783447266,14.293330192565918,23.508066177368164,4.0629658699035645,-6.577105522155762,-13.299022674560547,-14.736143112182617,-11.129283905029297,-12.320121765136719,-0.2836468517780304
292,0,sadness,0,293,2529.288848990454,2139.826952132748,1626.931884765625,0.0003353755695314,0.013728197,-574.368896484375,104.76075744628906,-2.8602917194366455,23.680891036987305,14.037434577941895,9.550009727478027,-14.08128833770752,-5.846660137176514,-5.034739017486572,-7.95560359954834,-10.99597454071045,-4.62788200378418,5.39016056060791
293,0,sadness,0,294,2814.803229960396,2392.0683382981856,1685.02001953125,0.0001922418152863,0.010804072,-558.9324340820312,91.8351058959961,-20.08053207397461,11.185317039489746,-7.569921970367432,-5.066397666931152,-5.929257869720459,-6.596799373626709,-7.772800922393799,-4.2575297355651855,-3.023834705352783,-11.886396408081055,-2.576225757598877
294,0,sadness,0,295,4630.779142691739,4371.51555628223,1611.7509765625,7.699455839849686e-06,0.001282147,-775.4855346679688,68.1411361694336,8.536887168884277,26.06171989440918,15.271672248840332,9.681827545166016,-4.074511528015137,-0.9786465764045715,-2.210016965866089,-3.5937328338623047,1.9575504064559937,-5.766444683074951,-2.4701952934265137
295,0,sadness,0,296,3165.1028534751067,2740.108773536268,1560.2662353515625,0.0001264488376243,0.009070382,-543.8455200195312,107.56562805175781,-7.497174263000488,54.723411560058594,-8.130006790161133,28.26524543762207,-0.5068552494049072,26.322423934936523,-2.577901840209961,8.960362434387207,13.835737228393555,0.6840969324111938,9.624683380126953
297,0,sadness,0,298,2580.7695024440395,2514.9186609601848,1319.5294189453125,0.0001602553735314,0.009864455,-579.6736450195312,122.3940658569336,-5.2838358879089355,46.390296936035156,15.951350212097168,18.178998947143555,4.240616321563721,0.11127863824367523,1.777541160583496,-9.476375579833984,-6.814939022064209,-10.584360122680664,-12.404603958129883
298,0,sadness,0,299,3935.87248382537,3827.741959618345,2030.648681640625,9.17797356662552e-06,0.0019895053,-732.8395385742188,81.75965881347656,-22.90460777282715,48.96395492553711,13.98452377319336,19.63291358947754,-0.806955873966217,24.954179763793945,9.899808883666992,-0.8044002056121826,8.208738327026367,11.987296104431152,4.115152359008789
301,1,sarcasm,0,302,3621.25628472255,2966.9152501964154,1991.7120361328125,2.7229950559892876e-05,0.004021635,-693.253662109375,96.16844940185547,-27.16800308227539,36.20439147949219,16.970977783203125,-3.2379369735717773,-16.1156063079834,-21.66600799560547,7.019659996032715,-3.164198875427246,-20.901473999023438,-4.256653308868408,-2.306546926498413
302,1,sarcasm,0,303,4490.417256432702,3642.7392056896097,1697.9681396484375,2.5799813275246343e-05,0.0034906485,-684.5926513671875,96.14838409423828,-15.721964836120605,2.5852503776550293,0.14270484447479248,-4.942575931549072,-10.23826789855957,-13.596484184265137,-5.452026844024658,-6.741418361663818,-4.063607692718506,-0.28244367241859436,2.2494683265686035
304,1,sarcasm,0,305,3769.2304831598094,3391.055268293041,1859.09521484375,1.4449656009674071e-05,0.002681195,-722.73583984375,83.84217071533203,-41.543853759765625,6.846080780029297,-2.62394118309021,-6.463728427886963,-5.181507587432861,-17.22838592529297,0.8198469281196594,-1.7115671634674072,-9.496784210205078,5.049637317657471,6.601450443267822
305,1,sarcasm,0,306,4284.646194242582,3330.412490257563,1937.0296630859373,5.785546529648909e-05,0.0045255623,-679.461669921875,61.691585540771484,-21.513853073120117,11.024569511413574,2.362821102142334,-2.763796091079712,-13.795533180236816,-12.445606231689453,-2.527949333190918,-16.16585922241211,-13.841486930847168,-0.14617210626602173,3.605912208557129
306,1,sarcasm,0,307,3943.355551659065,3376.8893119554923,1722.89599609375,2.1589097176036687e-05,0.003181415,-676.121826171875,83.74597930908203,-21.884695053100586,9.843119621276855,-11.91627311706543,-13.026801109313965,-13.802163124084473,-11.17976188659668,2.4096717834472656,-3.226578950881958,-5.384981155395508,3.302567720413208,5.860716342926025
307,1,sarcasm,0,308,3324.9921109481056,2578.44381193054,1931.3369140625,7.043979140130791e-05,0.006088735,-652.5948486328125,72.57769012451172,-43.02997970581055,-1.7780423164367676,-0.6230107545852661,-10.005010604858398,-17.46079444885254,-16.25615882873535,3.9783642292022705,-5.535672664642334,-15.652899742126465,-5.1916632652282715,3.0907328128814697
310,1,sarcasm,0,311,3985.133409944016,3463.12194950822,1899.468994140625,1.1094840569684737e-05,0.0021241729,-728.3623046875,78.56580352783203,-10.809059143066406,28.343046188354492,10.237741470336914,1.3533422946929932,-5.054102897644043,-13.381563186645508,-2.815730333328247,-11.14754581451416,-11.867856979370117,-0.863960862159729,-5.221401214599609
312,1,sarcasm,0,313,3425.4275764452163,3183.4826716554403,1886.7076416015625,2.481256245603016e-05,0.0035120158,-707.396484375,89.09529876708984,-14.766870498657227,12.45580768585205,9.70111083984375,1.2621604204177856,-14.239825248718262,-18.838407516479492,-2.0171244144439697,-9.86950397491455,-12.097352027893066,-3.613271474838257,-2.5035626888275146
313,1,sarcasm,0,314,3647.28747563623,2827.3648707283364,1945.8514404296875,2.941483072936535e-05,0.0035884457,-668.20556640625,61.22365951538086,-17.56727409362793,25.32097625732422,19.1009464263916,10.072212219238281,-5.1094441413879395,-14.947749137878418,-0.7106916308403015,-7.123313903808594,-10.917412757873535,-5.743734359741211,-7.620601654052734
315,1,sarcasm,0,316,3485.8951145185392,3052.3028593898125,1790.2852783203125,9.396059066057204e-05,0.007323887,-623.7098388671875,100.0429458618164,-41.75587844848633,1.4903922080993652,-6.390649318695068,-7.44697904586792,-23.033870697021484,-21.912792205810547,-1.4592421054840088,-2.232429265975952,-5.9242939949035645,-2.3361244201660156,1.7444006204605103
316,1,sarcasm,0,317,6097.162868734015,3770.057777804229,2045.2073974609373,0.0001560770816379,0.007883856,-616.7236938476562,62.19398880004883,-27.59600067138672,17.35000228881836,3.2251572608947754,-2.330183744430542,-10.467601776123047,-6.295206546783447,3.265746593475342,-11.854175567626953,-10.305203437805176,-0.47902312874794006,-4.873122215270996
318,1,sarcasm,0,319,4071.205413603542,3382.074608522524,1748.425537109375,2.5654152473982644e-05,0.0035062854,-702.07666015625,82.26542663574219,-13.139935493469238,11.124040603637695,7.627043724060059,-3.719644546508789,-13.226764678955078,-11.425971984863281,2.121178388595581,-8.504852294921875,-12.57352352142334,-2.7075510025024414,0.34576615691185
319,1,sarcasm,0,320,2695.7855019764825,2512.442577197228,1634.201416015625,7.108896042327644e-05,0.0062478874,-648.0403442382812,100.05522155761719,-24.79486083984375,6.248742580413818,1.2508797645568848,-8.880831718444824,-19.585195541381836,-17.084733963012695,-4.019702911376953,-11.665092468261719,-8.100680351257324,-2.7265219688415527,-1.3328319787979126
320,1,sarcasm,0,321,4198.224079957802,3396.901254503129,1698.310302734375,0.0001327252481132,0.0076283915,-625.8113403320312,83.3651351928711,-19.85704231262207,4.178610801696777,4.379748821258545,-3.9852712154388428,-13.747845649719238,-12.038466453552246,-3.7032268047332764,-10.191396713256836,-8.28078556060791,1.543147325515747,-0.5665319561958313
322,1,sarcasm,0,323,3573.182324104129,3065.860300406067,1675.9517822265625,2.419346482188345e-05,0.003503947,-679.3513793945312,104.65592193603516,-28.537513732910156,-8.140572547912598,0.260712593793869,-5.0717453956604,-13.809064865112305,-14.395055770874023,-3.7617411613464355,-11.956796646118164,-11.129652976989746,4.312734127044678,5.159458637237549
323,1,sarcasm,0,324,3590.1685064924354,3161.6191051557043,1774.129638671875,3.369565641770334e-05,0.003986451,-706.5022583007812,89.63394927978516,-23.268163681030273,4.493585109710693,9.01058578491211,-2.323467254638672,-20.294567108154297,-19.569196701049805,-9.066189765930176,-16.42350196838379,-12.017526626586914,1.4608045816421509,5.195268154144287
324,1,sarcasm,0,325,4197.353757852855,3468.581335721697,1794.17578125,1.5619793584989627e-05,0.0025943378,-716.6117553710938,77.7057876586914,-19.584503173828125,8.98973560333252,-3.2038772106170654,-7.654205799102783,-15.567895889282227,-10.661637306213379,-2.88836669921875,-8.625713348388672,-9.210320472717285,1.0849168300628662,-0.21554920077323914
326,1,sarcasm,0,327,3363.154508188786,3805.4073087820248,1662.3377685546875,0.0003904986704857,0.011653844,-569.8197631835938,85.46640014648438,-3.1869325637817383,8.591008186340332,5.352238178253174,2.758413076400757,-1.2748570442199707,1.8447142839431763,4.090763092041016,-1.2059727907180786,-2.351210594177246,3.5499749183654785,10.236969947814941
327,1,sarcasm,0,328,4970.32255000659,4323.786951587616,1446.542236328125,0.0003727780623808,0.012120403,-581.3994750976562,70.99443817138672,-26.24357032775879,21.016239166259766,-15.156357765197754,-17.688419342041016,3.7879955768585205,-3.8731372356414795,-9.626940727233887,-8.668010711669922,-2.7546615600585938,-7.4328999519348145,-11.455423355102539
328,1,sarcasm,0,329,3963.314368357737,3218.849138457921,1815.5693359375,0.0002649149045068,0.011856655,-585.545654296875,60.933921813964844,-20.603790283203125,13.178330421447754,-10.277250289916992,-6.431742191314697,-9.35947322845459,-2.973576784133911,-4.168340682983398,-7.136533737182617,-12.263090133666992,-2.838819980621338,0.32097259163856506
331,1,sarcasm,0,332,3946.6703035379296,2900.652228901608,1836.2569580078125,0.0007051355532017,0.01652531,-541.8429565429688,74.73017883300781,-18.05408477783203,15.25929069519043,8.255572319030762,20.68804931640625,-5.589479923248291,-6.782810211181641,-8.746919631958008,-11.643342971801758,-7.187869071960449,0.09926875680685043,-0.5847885608673096
333,1,sarcasm,0,334,4550.224346183323,3247.073050516777,1850.8489990234373,0.0016765171912179,0.023298334,-548.9170532226562,79.99004364013672,-27.319562911987305,9.798048973083496,2.6860296726226807,26.181821823120117,-16.691965103149414,-4.324645519256592,-11.238014221191406,-3.482658863067627,16.275888442993164,7.4327216148376465,10.568894386291504
334,1,sarcasm,0,335,4887.744578872452,2860.570628459523,1882.275390625,0.0035895960671561,0.037698753,-516.1478271484375,72.2364501953125,-35.1887321472168,13.810464859008789,9.921103477478027,21.2578067779541,-3.787841796875,-16.446300506591797,-6.994606971740723,-11.668911933898926,-0.41161686182022095,2.598889112472534,-3.1609175205230713
335,1,sarcasm,0,336,4358.013933276555,2725.6476463243894,1974.03173828125,0.0024706855227675,0.032559976,-463.8100280761719,60.19611358642578,-47.891353607177734,-4.576799392700195,-6.100628852844238,25.039382934570312,-2.6240689754486084,-13.402694702148438,-2.2131752967834473,-13.975956916809082,-1.5713835954666138,2.704745292663574,0.9285230040550232
336,1,sarcasm,0,337,4673.302054619866,3113.058995991646,1664.9305419921875,0.0021490044537044,0.030392826,-500.1924743652344,63.95967483520508,-20.204069137573242,17.668987274169922,-5.497280597686768,12.249130249023438,2.7695112228393555,-21.342140197753906,-12.835689544677734,-9.165480613708496,-11.039358139038086,-2.6416678428649902,-0.9458597898483276
337,1,sarcasm,0,338,3232.6590518790345,2500.021696738735,1753.4490966796875,0.0004922894520036,0.018097047,-571.348388671875,61.23265838623047,-54.663631439208984,4.802380084991455,-22.99016761779785,-11.160168647766113,-4.190181255340576,-10.972555160522461,-2.4191060066223145,-6.040849208831787,-11.194318771362305,-1.1203980445861816,1.069200873374939
340,1,sarcasm,0,341,3959.7391199664194,3029.1821411571045,1707.8232421875,0.0001772382883213,0.008077605,-614.81396484375,80.30072021484375,-5.081437587738037,12.232078552246094,7.947427272796631,7.395242214202881,-6.880247116088867,-6.00465202331543,-9.163735389709473,-12.708993911743164,-5.926212310791016,-6.009159564971924,-8.166842460632324
342,1,sarcasm,0,343,4574.639853289129,3193.642335339781,1852.21435546875,0.0001895385988907,0.009078672,-600.2666625976562,48.69821548461914,-20.905864715576172,14.365235328674316,-1.4348671436309814,-16.259334564208984,-7.8859148025512695,-5.029953479766846,-6.081267356872559,-9.255373001098633,-6.648163318634033,-7.021892547607422,-10.329833984375
345,1,sarcasm,0,346,5226.524530389216,4060.860454933618,1761.0733642578125,0.0003158164092864,0.011047894,-610.4445190429688,68.85404968261719,-19.778533935546875,18.26442527770996,-8.407323837280273,-1.915006399154663,-0.41970014572143555,-9.020353317260742,-5.651019096374512,-14.985162734985352,-10.81457233428955,-1.2793432474136353,-9.626896858215332
346,1,sarcasm,0,347,5316.918631356759,3967.375632319332,1730.4486083984375,0.0001287289554826,0.0068857986,-630.6747436523438,76.76901245117188,-27.28142547607422,5.568241596221924,-0.7771406173706055,-3.3202452659606934,0.05048353970050812,-10.247682571411133,-3.6643640995025635,-7.204712390899658,-3.4754269123077393,1.8833911418914795,-8.816057205200195
347,1,sarcasm,0,348,5007.528087614246,3353.1041547839777,1845.14697265625,0.0006194141778078,0.016129898,-572.5144653320312,63.445613861083984,-30.107166290283203,19.420562744140625,-13.118842124938965,-8.922693252563477,-7.646749496459961,-10.234176635742188,-6.816202640533447,-19.012969970703125,-8.455540657043457,-1.5983532667160034,-11.680746078491211
348,1,sarcasm,0,349,4202.996948382061,2806.1869958476364,1918.439453125,0.0007136393192033,0.018066304,-538.1795654296875,81.07575225830078,-35.586769104003906,9.737950325012207,1.0252289772033691,-9.835064888000488,-32.44289779663086,-11.48974323272705,3.2805352210998535,2.237034559249878,-11.981526374816895,-6.576730251312256,0.5830543041229248
349,1,sarcasm,0,350,3547.814626429764,2413.260496242914,1914.50439453125,0.0003081250196856,0.014320687,-581.3502807617188,89.0614013671875,-15.525240898132324,23.820384979248047,10.101160049438477,13.050406455993652,-10.08561897277832,-10.598793983459473,-10.319865226745605,-6.727697372436523,-10.592360496520996,-4.232986927032471,-0.4311639070510864
351,1,sarcasm,0,352,2853.7951157452085,2730.776464410262,1465.7432861328125,0.0011441121926743,0.021859948,-486.2142333984375,87.69349670410156,9.228883743286133,55.123207092285156,11.818378448486328,12.026799201965332,9.888595581054688,16.058616638183594,5.679143905639648,-0.10850689560174942,-1.3062419891357422,2.547863721847534,-3.263000249862671
352,1,sarcasm,0,353,3926.907348016629,2979.0820164730444,1698.42236328125,0.0004811053825117,0.012864508,-548.2816772460938,63.31096649169922,0.7956502437591553,20.223533630371094,-1.7311131954193115,-4.229027271270752,-3.489372968673706,-6.210155963897705,-15.338263511657715,-11.592015266418457,-5.794570446014404,-0.20089580118656158,1.3414480686187744
353,1,sarcasm,0,354,4401.056494733433,3462.5183743841653,1527.9503173828125,0.0004910193307199,0.011887011,-597.2056274414062,55.47095489501953,1.2913120985031128,10.749370574951172,-4.575375556945801,-1.1461182832717896,-4.313618183135986,-7.006856918334961,-9.123357772827148,-9.227425575256348,-8.164528846740723,-3.5222365856170654,4.577879905700684
355,1,sarcasm,0,356,4225.020528623022,3498.1644489415694,1671.0411376953125,6.905560886937809e-05,0.0052843397,-632.1263427734375,68.68219757080078,-12.154433250427246,35.552066802978516,0.09068670868873596,-6.993842601776123,0.8714807629585266,12.725665092468262,-6.661834716796875,-0.2017432600259781,5.790288925170898,-2.2875940799713135,9.42033863067627
356,1,sarcasm,0,357,2022.5319229625045,1929.2504763872569,1470.351318359375,0.0030455189091818,0.042638607,-480.9193115234375,103.7971420288086,-5.586685657501221,-19.777694702148438,-11.561775207519531,-15.08684253692627,-28.881837844848633,-21.980310440063477,-12.309784889221191,-7.70731258392334,-9.462138175964355,-2.088325262069702,1.373473882675171
357,1,sarcasm,0,358,2813.997760545768,2151.751758844646,1437.95361328125,0.001379146462395,0.026597898,-517.8851318359375,77.31079864501953,-15.491601943969727,-0.9446985721588135,-10.276432991027832,-12.1467866897583,-5.7697906494140625,-9.959545135498047,-10.794565200805664,-12.324920654296875,-5.988017559051514,1.3279396295547485,-2.7064104080200195
358,1,sarcasm,0,359,2477.401266936795,2339.248774413132,1507.6737060546875,0.0012654737411485,0.02676705,-507.9912414550781,95.3125,-13.052306175231934,1.8288249969482422,2.6442317962646484,-12.919469833374023,-18.311542510986328,-14.45785903930664,-11.44955062866211,-16.87274742126465,-8.718687057495117,1.0073071718215942,-2.7718892097473145
359,1,sarcasm,0,360,3881.591133330354,3063.8960916104807,1698.5867919921875,0.0006651056960957,0.016893834,-544.73828125,66.37866973876953,-4.857662677764893,52.75697708129883,-0.35604310035705566,1.3846590518951416,-1.402994990348816,-11.150980949401855,0.8709328174591064,-0.7644896507263184,-4.958963394165039,-0.7433639764785767,3.916703939437866
360,1,sarcasm,0,361,3895.541113018094,2930.0364033324804,1921.4637451171875,0.000346121409287,0.0155511005,-505.8974304199219,81.16841125488281,-39.227943420410156,50.55453109741211,-13.83275032043457,3.3795435428619385,-3.2525715827941895,-4.684507846832275,-1.6538255214691162,-1.005853533744812,-17.42446517944336,-10.921996116638184,20.55263328552246
361,1,sarcasm,0,362,2889.93465669448,2176.94891610548,1783.4136962890625,0.0011508482250761,0.026055839,-473.94500732421875,93.14844512939453,-25.283687591552734,16.59413719177246,4.531458854675293,3.816525459289551,-4.342597484588623,-3.547492265701294,-3.648947238922119,-13.567123413085938,-13.913751602172852,-4.969325065612793,-4.747565269470215
362,1,sarcasm,0,363,2914.549319383945,2362.588160388986,1765.1968994140625,0.0010919226135345,0.02751397,-454.99298095703125,108.0509033203125,-32.828182220458984,21.012123107910156,1.1898196935653687,-2.8597025871276855,-1.1717256307601929,-7.079944610595703,-13.848756790161133,-14.181900024414062,-8.258569717407227,-3.6783454418182373,-0.1534634232521057
363,1,sarcasm,0,364,2725.5117677430685,2087.874262575789,1793.9097900390625,0.0023097504960729,0.039665774,-419.60052490234375,119.73009490966797,-42.688621520996094,1.5084939002990723,-12.909525871276855,-7.307029724121094,-7.052807331085205,-5.188009738922119,-4.92572021484375,-11.629619598388672,-12.091546058654785,-5.1312689781188965,-1.762826919555664
364,1,sarcasm,0,365,3969.785337195847,2538.5233006383773,1693.412109375,0.0005738234266321,0.018770406,-527.0953369140625,98.09893798828125,-17.8715763092041,14.299419403076172,-3.789121150970459,-3.1600024700164795,-10.163925170898438,-12.229547500610352,-11.326425552368164,-8.785624504089355,-12.601813316345215,-5.817113876342773,-3.4299142360687256
367,1,sarcasm,0,368,3280.579878422135,2428.7321822129843,1712.2178955078125,0.0021626341421872,0.033372466,-449.80145263671875,100.15514373779297,-21.54000473022461,14.510588645935059,-0.8858188390731812,-1.7581688165664673,-7.948295593261719,-3.3285810947418213,-1.8278083801269531,-10.025192260742188,-7.221384525299072,7.799055099487305,2.4221343994140625
368,1,sarcasm,0,369,3353.6246525380598,2836.3709007008947,1751.4935302734375,0.0001580094949143,0.00875638,-611.1951293945312,83.02935791015625,-22.482065200805664,-4.368598937988281,-7.4323906898498535,-9.048074722290039,-14.915228843688965,-3.122512102127075,-0.8824427723884583,-10.457805633544922,-9.993027687072754,-0.5371615886688232,-0.18341200053691864
370,1,sarcasm,0,371,3620.616310570023,2633.8724578106494,1859.1905517578125,0.0003316483715416,0.013600143,-576.9476318359375,50.04426956176758,-28.33498191833496,18.281429290771484,-7.152742862701416,-4.294320106506348,-16.393383026123047,-3.8072564601898193,-5.524928569793701,-15.776144981384277,-9.456932067871094,-4.743085861206055,-9.693306922912598
372,1,sarcasm,0,373,3521.0113209574142,2754.258739425142,1703.8116455078125,0.0004048777815976,0.015010947,-561.598876953125,86.63668823242188,-40.439693450927734,6.093729496002197,-5.221226215362549,-8.08836555480957,-12.927816390991211,2.959888219833374,-3.072383403778076,-6.79696798324585,-6.524637222290039,-2.312819004058838,-6.573369979858398
373,1,sarcasm,0,374,3552.8283211955318,2880.5076859476285,1790.89013671875,6.897529622293868e-05,0.005965688,-674.6051025390625,86.36725616455078,-29.744888305664062,4.704535007476807,2.4212381839752197,9.765359878540039,-14.825277328491211,-34.142459869384766,2.6315338611602783,-1.291085958480835,-9.510680198669434,-2.8780293464660645,-9.676691055297852
374,1,sarcasm,0,375,4253.76808509649,3113.522473133288,1673.9603271484375,0.0001320029376074,0.008781843,-598.9893188476562,103.72522735595703,-38.18320083618164,13.965021133422852,4.519153594970703,0.5812336206436157,-5.333754539489746,-13.752310752868652,-18.069303512573242,-6.647703647613525,3.840564012527466,5.7959818840026855,-11.844356536865234
378,1,sarcasm,0,379,2462.9262636931544,2443.2862842841187,1753.3314208984375,2.567367859396106e-05,0.0042026634,-673.2696533203125,137.7564239501953,-49.42768096923828,-17.334657669067383,10.656816482543945,-13.981490135192871,-1.5571315288543701,7.250576496124268,-12.65481185913086,-12.45500373840332,2.5082974433898926,0.46118271350860596,-5.76371955871582
379,1,sarcasm,0,380,4073.270459734909,3912.897278994305,1452.877197265625,1.7992922664602002e-05,0.002860475,-725.0328369140625,90.1924819946289,0.7258091568946838,17.698671340942383,3.789447069168091,-0.9350286722183228,-2.204219341278076,-4.872528553009033,-3.402297019958496,-4.12974214553833,-2.665722608566284,-1.0361977815628052,-2.280524969100952
380,1,sarcasm,0,381,3463.5728183694296,3383.952757002324,1604.1297607421875,2.573669915742213e-05,0.0034277285,-714.3054809570312,83.74629974365234,-21.391489028930664,-22.391277313232422,-11.791722297668457,-6.624014854431152,-12.442404747009277,-6.280846118927002,6.45950984954834,-1.3473443984985352,-15.475846290588379,-10.157649993896484,5.308852672576904
381,1,sarcasm,0,382,5138.70426321914,3431.1979628135864,2243.12744140625,2.7645614887664782e-05,0.0036067665,-706.5433959960938,40.051353454589844,-49.46752166748047,37.63568115234375,4.223939418792725,1.4060585498809814,5.218498706817627,-1.0916180610656738,-3.1417438983917236,-10.340919494628906,-3.121659517288208,-6.546456336975098,-6.395218372344971
382,1,sarcasm,0,383,5421.381274663907,3976.851292005476,2026.0377197265625,1.3953850102362207e-05,0.0021452608,-706.520263671875,31.497983932495117,-14.028463363647461,23.846349716186523,-0.40061017870903015,5.359426498413086,9.691286087036133,-0.3252851366996765,-3.0618574619293213,-7.528052806854248,-1.7259197235107422,-4.904360294342041,-2.6366257667541504
384,1,sarcasm,0,385,4574.178093658429,3681.637053140418,1671.286376953125,6.746047359407821e-05,0.0048673353,-645.4519653320312,52.18988037109375,-11.869494438171387,16.824386596679688,1.6155353784561157,-6.24584436416626,-11.704829216003418,-12.741052627563477,-5.111952781677246,-8.007211685180664,-6.050588130950928,-4.947695732116699,-6.072770118713379
385,1,sarcasm,0,386,3175.5227364039088,2985.399957821048,1724.986328125,9.73327299623702e-06,0.0023646555,-738.2147827148438,78.72954559326172,-26.2273006439209,2.134984254837036,-13.31795597076416,-4.872509479522705,-11.043930053710938,-7.214296340942383,-1.48859703540802,-9.73173713684082,1.211891770362854,4.056970119476318,-1.6304391622543335
386,1,sarcasm,0,387,3983.677557635884,3635.5170261590815,1692.73583984375,5.086532615935538e-06,0.0015914631,-766.4168090820312,88.91789245605469,-5.914676189422607,21.491762161254883,0.25383779406547546,-10.565866470336914,-16.515268325805664,-2.1275007724761963,-1.4033712148666382,-10.576997756958008,-1.2022656202316284,-2.460805892944336,-3.614293336868286
387,1,sarcasm,0,388,4466.947584130209,3607.488536970706,1878.4427490234373,2.115543025203623e-05,0.0031992865,-715.4518432617188,71.97193908691406,-31.914276123046875,-10.27880859375,1.2795367240905762,-3.8232996463775635,-20.796430587768555,-11.435586929321289,9.352749824523926,4.695663928985596,-9.35257339477539,-1.4332140684127808,5.001430988311768
389,1,sarcasm,0,390,3714.997603365193,3237.548849738592,1934.2005615234373,6.200694333878067e-05,0.004496902,-690.4808349609375,83.00527954101562,-37.606502532958984,-15.3866605758667,4.550985813140869,-0.2670521140098572,-12.927529335021973,-12.546714782714844,-1.2435314655303955,-1.848166584968567,-3.4521963596343994,-3.178847551345825,-3.2077860832214355
390,1,sarcasm,0,391,4015.389198441252,3277.3856158213976,1772.531982421875,2.000222396519449e-05,0.0027948802,-708.7437744140625,61.134918212890625,-15.75133991241455,13.82838249206543,-1.7834670543670654,2.8757755756378174,-6.077343463897705,-8.905558586120605,-9.315428733825684,-8.53736400604248,0.013565114699304104,-6.294958591461182,-6.746966361999512
391,1,sarcasm,0,392,3967.2813134985113,3316.75550170272,1579.9068603515625,0.0001070667349918,0.0069384025,-641.2198486328125,77.99647521972656,-10.516368865966797,7.465690612792969,-6.274917125701904,-7.698365688323975,-13.75899600982666,-16.304222106933594,-3.7653560638427734,-10.461603164672852,-15.85086441040039,-10.823100090026855,0.47098833322525024
393,1,sarcasm,0,394,3662.736967020635,3135.464141922637,1812.046630859375,5.853364218386438e-05,0.0053405287,-673.4915161132812,73.33623504638672,-32.78068923950195,-15.531115531921387,-7.246829032897949,-1.786523699760437,-13.891195297241211,-13.655519485473633,-0.9025464057922363,-4.1117167472839355,-7.0761942863464355,0.021374091506004333,7.091897964477539
394,1,sarcasm,0,395,3488.3946726060394,2960.1780061529007,1925.731689453125,6.162258331765092e-05,0.0055178134,-671.316162109375,77.24510192871094,-35.95254135131836,-11.930411338806152,2.816657066345215,0.8777424693107605,-20.529380798339844,-22.08626937866211,1.9123872518539429,-2.871701955795288,-8.280611991882324,0.5509982705116272,0.48293623328208923
397,1,sarcasm,0,398,5223.110236918255,3734.5395945698538,1830.3992919921875,9.057119628261296e-05,0.0052352753,-650.3689575195312,46.60919952392578,-10.726624488830566,21.27553367614746,9.649216651916504,3.637406349182129,1.0315654277801514,-3.8381690979003906,-2.63820481300354,-11.062909126281738,-8.672636985778809,0.5554642677307129,-4.750518321990967
398,1,sarcasm,0,399,3053.325634774013,3103.326138074746,1391.6202392578125,4.544944191972415e-05,0.004922318,-684.6629028320312,122.53878021240234,-16.135316848754883,5.366204261779785,8.13301944732666,-21.64942169189453,-9.430818557739258,3.3722124099731445,-17.071090698242188,-13.214048385620117,2.2042529582977295,-4.898073196411133,-2.0105628967285156
399,1,sarcasm,0,400,2972.930637331373,2666.084558266127,1678.77001953125,4.510548322984617e-05,0.005144434,-663.3186645507812,109.29380798339844,-16.489763259887695,10.684452056884766,14.74053955078125,-24.513689041137695,-16.997835159301758,-2.3591487407684326,-19.570281982421875,-15.792552947998047,0.24281981587409973,-7.324047565460205,-6.779446125030518
400,0,surprise,0,401,3126.0608776932195,3202.991835202667,1598.598876953125,0.0003152831738827,0.012652226,-578.3942260742188,75.87258911132812,-21.32976531982422,5.844859600067139,-18.269529342651367,-8.309493064880371,-19.781221389770508,-9.566465377807617,-3.6704375743865967,-7.457446575164795,-4.669668674468994,2.1511545181274414,11.018882751464844
401,0,surprise,0,402,3587.2205925772982,2456.72410689097,1891.6951904296875,0.000319935387044,0.013419098,-581.7191162109375,60.87690734863281,-29.539478302001953,24.38084602355957,2.2632110118865967,2.1134181022644043,-18.392370223999023,-7.897145748138428,-6.113523960113525,-12.828235626220703,-12.395346641540527,-14.971824645996094,-7.028570175170898
403,0,surprise,0,404,2967.13820461842,2254.198036987182,1471.1834716796875,0.0001480610879195,0.008634372,-587.3375854492188,93.77738952636719,-11.372481346130371,9.482686996459961,-15.4703950881958,-4.498385429382324,-5.823177337646484,0.30443328619003296,-5.65816068649292,-13.22508716583252,0.08588708192110062,-1.7728972434997559,0.9733842015266418
404,0,surprise,0,405,2820.4786474592925,2622.9573118586577,1528.277587890625,0.0002001942287884,0.01109087,-591.7554321289062,92.0816879272461,-6.157813549041748,14.891810417175293,-17.5274600982666,-12.446176528930664,-14.761981964111328,-9.0391263961792,-5.212831020355225,-16.527042388916016,-9.986921310424805,-3.7224721908569336,-1.3107587099075317
406,0,surprise,0,407,2988.5544629797514,2991.908610322429,1547.073486328125,0.000536472140201,0.014365484,-549.8323974609375,90.72366333007812,-2.294806718826294,15.657206535339355,7.275583744049072,-1.0422958135604858,5.026129245758057,4.523717880249023,0.07667524367570877,-1.788450002670288,-3.934199571609497,0.1697153002023697,0.5092313885688782
408,0,surprise,0,409,2528.5104882360097,2040.652420301964,1804.234375,0.0003243304473761,0.0131877735,-484.5552062988281,149.48536682128906,-48.64348220825195,9.999995231628418,2.374194860458374,-5.037118434906006,-5.3802995681762695,-7.216329097747803,-2.3866841793060303,-12.174440383911133,2.263007640838623,3.814420223236084,-7.893139362335205
411,0,surprise,0,412,3603.563814885527,3057.448356564016,1359.4671630859375,0.0002025263312908,0.010811242,-572.741455078125,80.91321563720703,-7.261556625366211,36.951499938964844,-6.858077049255371,2.277526378631592,-5.420413970947266,-1.6832157373428345,-12.491815567016602,-7.173655033111572,-1.4822144508361816,-12.19893741607666,-5.562501907348633
413,0,surprise,0,414,3683.627418690831,3290.991820431359,1576.8084716796875,0.0001547742902826,0.008378848,-644.8369140625,69.7984390258789,-21.081871032714844,2.2280261516571045,-0.8377605676651001,-5.759484767913818,-11.047364234924316,-3.8567724227905273,-0.9709283709526062,-8.014860153198242,-2.4303624629974365,-1.7325077056884766,-3.415998697280884
416,0,surprise,0,417,5284.598283077143,4141.709669446018,1710.3912353515625,8.399340003037874e-05,0.004853702,-668.2711181640625,55.06212615966797,-3.8187732696533203,22.658992767333984,15.47862720489502,12.584670066833496,8.260565757751465,-1.996194839477539,-5.510148048400879,-3.5172836780548096,-2.6494369506835938,-7.003219127655029,-5.7432427406311035
419,0,surprise,0,420,2402.8653423644987,2090.3758224495828,1649.77001953125,0.0004347866096946,0.017316796,-489.9424133300781,127.53605651855469,-25.267353057861328,24.40404510498047,-9.279647827148438,-12.07484245300293,-14.694478034973145,-3.6897361278533936,0.6987561583518982,-7.965335369110107,4.698253631591797,-7.224541664123535,-4.550306797027588
421,0,surprise,0,422,4141.032863191652,3838.504821276307,1244.701904296875,8.595699205540325e-05,0.0054300455,-656.5096435546875,67.42282104492188,-5.678233623504639,11.167128562927246,7.023429870605469,-2.1501145362854004,-6.244311332702637,-4.57315731048584,-4.578990936279297,-9.186457633972168,-3.3762588500976562,-3.3090155124664307,-5.646399021148682
422,0,surprise,0,423,3080.676592266259,3591.7715805314547,1928.570556640625,0.000153700217175,0.008661218,-596.2654418945312,76.84534454345703,-19.668766021728516,26.562053680419922,-3.5165822505950928,17.017009735107422,-6.967735290527344,8.787129402160645,4.810154914855957,3.23494291305542,-0.9174684882164001,2.263413906097412,3.694979667663574
425,0,surprise,0,426,5777.586640239347,4555.686199805349,1681.1292724609375,4.807935085700039e-05,0.0038064327,-684.0684204101562,48.05113220214844,-13.706683158874512,6.051051139831543,-21.950786590576172,-9.932963371276855,-10.389060020446777,-2.835590124130249,-7.235011577606201,-9.984515190124512,-1.4764630794525146,-0.7279325127601624,0.3170687258243561
427,0,surprise,0,428,2472.252425819941,2386.2495161113216,1754.9476318359375,0.000245865149432,0.012379236,-514.0931396484375,126.76039123535156,-32.4996337890625,22.91729736328125,-7.171116352081299,-4.149224758148193,-13.418254852294922,-0.4218047559261322,-14.986924171447754,-13.853694915771484,-1.475042700767517,-8.82796859741211,-5.650708198547363
